date,sample,min,temp,avg.temp.c,radius.cm,height.cm,cv.l,area.m2,mv,ch4ppm,co2ppm,n2oppm,ch4slope,co2slope,n20slope,ch4ugm2hr,co2ugm2hr,n2ougm2hr,ch4mgm2hr,co2mgm2hr,n2omgm2hr,ch4cmgm2day,co2cmgm2day,co2cgm2day,n2onmgm2day
1/19/2017,01W,0,10,10,7.25,29.8,4.920872923,16.87742113,23.23042834,1.702454725,387.0739882,0.264042828,5576.06709,12127.61071,19.5008397,50389.4168,109593.9523,411.1889537,50.3894168,109.5939523,0.411188954,1209.346003,2630.254856,2.630254856,9.868534888
1/19/2017,,12,10,,,,,,,57.33434222,482.699037,0.408333883,,,,,,,,,,,,,
1/19/2017,,24,10,,,,,,,94.63690622,589.2008334,0.589056823,,,,,,,,,,,,,
1/19/2017,,36,10,,,,,,,,,,,,,,,,,,,,,,
1/19/2017,02W,0,10,10.5,7.25,29.8,4.920872923,16.87742113,23.27144975,45.54028882,419.5969048,0.349698114,11743.69975,5192.589118,17.78527143,105937.5827,46841.31496,374.3539348,105.9375827,46.84131496,0.374353935,2542.501984,1124.191559,1.124191559,8.984494434
1/19/2017,,12,10,,,,,,,,,,,,,,,,,,,,,,
1/19/2017,,24,11,,,,,,,238.3491945,512.872075,0.586772135,,,,,,,,,,,,,
1/19/2017,,36,11,,,,,,,339.8626385,547.7286282,0.809166692,,,,,,,,,,,,,
1/19/2017,03W,0,10,10,7.25,29.8,4.920872923,16.87742113,23.23042834,,,,145.444229,6084.858756,-0.39646866,1314.340333,54987.23008,-8.359821217,1.314340333,54.98723008,-0.008359821,31.544168,1319.693522,1.319693522,-0.200635709
1/19/2017,,12,10,,,,,,,2.000632294,440.0426022,0.361942401,,,,,,,,,,,,,
1/19/2017,,24,10,,,,,,,3.917110208,461.486202,0.351066191,,,,,,,,,,,,,
1/19/2017,,36,10,,,,,,,4.424702778,541.4569148,0.35533459,,,,,,,,,,,,,
1/19/2017,04W,0,10,10,7.25,29.8,4.920872923,16.87742113,23.23042834,9.812473138,415.7180785,0.322240813,613.2729323,-4056.694275,-2.98975584,5541.98235,-36659.25379,-63.04110974,5.54198235,-36.65925379,-0.06304111,133.0075764,-879.8220911,-0.879822091,-1.512986634
1/19/2017,,12,10,,,,,,,,,,,,,,,,,,,,,,
1/19/2017,,24,10,,,,,,,23.13802726,316.9363834,0.242947085,,,,,,,,,,,,,
1/19/2017,,36,10,,,,,,,24.3682118,322.0932526,0.254863033,,,,,,,,,,,,,
1/19/2017,05W,0,11,11.5,7.25,29.8,4.920872923,16.87742113,23.35349259,4.199269367,494.9619336,0.352420587,5309.05887,-1017.520883,4.363148537,47723.71685,-9146.607658,91.5152568,47.72371685,-9.146607658,0.091515257,1145.369204,-219.5185838,-0.219518584,2.196366163
1/19/2017,,12,11,,,,,,,,,,,,,,,,,,,,,,
1/19/2017,,24,12,,,,,,,131.2458395,467.0597735,0.432644607,,,,,,,,,,,,,
1/19/2017,,36,12,,,,,,,127.2851772,472.2597812,0.459623081,,,,,,,,,,,,,
1/19/2017,06T,0,15,15,7.25,29.8,4.920872923,16.87742113,23.6406425,4.041730503,411.1657979,0.34767336,-77.67816457,5113.970882,0.210722914,-689.7762529,45411.67639,4.366141764,-0.689776253,45.41167639,0.004366142,-16.55463007,1089.880233,1.089880233,0.104787402
1/19/2017,,12,15,,,,,,,,,,,,,,,,,,,,,,
1/19/2017,,24,15,,,,,,,2.147884106,486.9716969,0.350587364,,,,,,,,,,,,,
1/19/2017,,36,15,,,,,,,2.249578969,541.3718072,0.353090944,,,,,,,,,,,,,
1/19/2017,07T,0,9,9,7.25,29.8,4.920872923,16.87742113,23.1483855,1.707892167,433.7232025,0.360957385,13.43782992,1708.84459,-0.830344389,121.8644388,15497.09947,-17.57045035,0.121864439,15.49709947,-0.01757045,2.924746531,371.9303874,0.371930387,-0.421690808
1/19/2017,,12,9,,,,,,,1.865871904,,0.341202357,,,,,,,,,,,,,
1/19/2017,,24,9,,,,,,,1.931855999,461.9221347,,,,,,,,,,,,,,
1/19/2017,,36,9,,,,,,,,476.51477,0.337631677,,,,,,,,,,,,,
1/19/2017,08T,0,10,10,7.25,29.8,4.920872923,16.87742113,23.23042834,,463.0211268,0.335237542,-3.7297914,1507.224843,0.392856924,-33.70512054,13620.38504,8.283665217,-0.033705121,13.62038504,0.008283665,-0.808922893,326.8892411,0.326889241,0.198807965
1/19/2017,,12,10,,,,,,,1.75168562,,0.336632981,,,,,,,,,,,,,
1/19/2017,,24,10,,,,,,,1.72376362,471.5505947,0.343186068,,,,,,,,,,,,,
1/19/2017,,36,10,,,,,,,1.68952243,504.8494844,0.343965872,,,,,,,,,,,,,
1/19/2017,09T,0,10,10,7.25,29.8,4.920872923,16.87742113,23.23042834,2.256926864,394.0264323,0.341311803,254.8401062,1453.347014,-0.36492468,2302.921418,13133.50561,-7.694694159,2.302921418,13.13350561,-0.007694694,55.27011403,315.2041347,0.315204135,-0.18467266
1/19/2017,,12,10,,,,,,,,399.2419022,0.344348934,,,,,,,,,,,,,
1/19/2017,,24,10,,,,,,,7.261137117,,,,,,,,,,,,,,,
1/19/2017,,36,10,,,,,,,8.438710732,428.9809566,0.33340432,,,,,,,,,,,,,
1/19/2017,10T,0,11,11,7.25,29.8,4.920872923,16.87742113,23.31247117,2.626819887,381.3681427,0.296958755,-55.44553441,10447.52376,-4.128034791,-499.2830479,94079.19972,-86.73619798,-0.499283048,94.07919972,-0.086736198,-11.98279315,2257.900793,2.257900793,-2.081668752
1/19/2017,,12,11,,,,,,,,,,,,,,,,,,,,,,
1/19/2017,,24,11,,,,,,,1.507441598,341.0031156,0.250567272,,,,,,,,,,,,,
1/19/2017,,36,11,,,,,,,1.289503039,696.1788424,0.188155611,,,,,,,,,,,,,
1/19/2017,11T,0,13,13,7.25,29.8,4.920872923,16.87742113,23.47655684,1.419119903,,,4.223569903,1423.819794,0.56227956,37.76711786,12731.78169,11.73176186,0.037767118,12.73178169,0.011731762,0.906410829,305.5627607,0.305562761,0.281562285
1/19/2017,,12,13,,,,,,,,321.8092142,0.22736469,,,,,,,,,,,,,
1/19/2017,,24,13,,,,,,,1.492157977,326.5784866,0.234601816,,,,,,,,,,,,,
1/19/2017,,36,13,,,,,,,1.52404784,345.5395441,0.236736016,,,,,,,,,,,,,
1/19/2017,12T,0,10,10,7.25,29.8,4.920872923,16.87742113,23.23042834,1.739635072,,0.293771136,-13.84595301,1592.769366,-2.432401371,-125.122149,14393.42787,-51.28889782,-0.125122149,14.39342787,-0.051288898,-3.002931577,345.4422688,0.345442269,-1.230933548
1/19/2017,,12,10,,,,,,,,305.5991453,0.217131476,,,,,,,,,,,,,
1/19/2017,,24,10,,,,,,,1.426908671,310.1233599,,,,,,,,,,,,,,
1/19/2017,,36,10,,,,,,,1.413976376,332.1453014,0.221687172,,,,,,,,,,,,,
1/19/2017,13T,0,11,11,7.25,29.8,4.920872923,16.87742113,23.31247117,1.462325524,333.9285325,0.219648738,40.86017322,855.96648,0.427426251,367.9429199,7707.916564,8.98086616,0.36794292,7.707916564,0.008980866,8.830630077,184.9899975,0.184989998,0.215540788
1/19/2017,,12,11,,,,,,,1.40883285,320.4113711,,,,,,,,,,,,,,
1/19/2017,,24,11,,,,,,,2.143328411,348.1946405,0.247954246,,,,,,,,,,,,,
1/19/2017,,36,11,,,,,,,,,0.22503896,,,,,,,,,,,,,
1/19/2017,14T,0,11,11,7.25,29.8,4.920872923,16.87742113,23.31247117,1.291560449,319.2927587,0.229348402,19.88693026,-1467.760248,0.402378732,179.0803761,-13217.07543,8.454580236,0.179080376,-13.21707543,0.00845458,4.297929025,-317.2098102,-0.31720981,0.202909926
1/19/2017,,12,11,,,,,,,1.606785135,513.6285579,0.223944499,,,,,,,,,,,,,
1/19/2017,,24,11,,,,,,,1.630592314,337.0920654,0.222343849,,,,,,,,,,,,,
1/19/2017,,36,11,,,,,,,1.836039452,337.3671382,0.241059139,,,,,,,,,,,,,
1/19/2017,15T,0,14,14,7.25,29.8,4.920872923,16.87742113,23.55859967,1.693049419,354.9954501,,-0.367814614,2425.153719,-1.4972232,-3.277540506,21610.17872,-31.1302365,-0.003277541,21.61017872,-0.031130237,-0.078660972,518.6442892,0.518644289,-0.747125676
1/19/2017,,12,14,,,,,,,,,0.222945803,,,,,,,,,,,,,
1/19/2017,,24,14,,,,,,,1.902317462,596.9282111,0.255451306,,,,,,,,,,,,,
1/19/2017,,36,14,,,,,,,1.630004482,365.24591,0.197992083,,,,,,,,,,,,,
2/15/2017,01W,0,11,11,7.25,29.8,4.920872923,16.87742113,23.31247117,3.12091436,442.5032766,1.343371899,52451.46203,15265.2768,-38.54800258,472321.6416,137462.7192,-809.9513092,472.3216416,137.4627192,-0.809951309,11335.7194,3299.10526,3.29910526,-19.43883142
2/15/2017,,12,11,,,,,,,366.7823523,556.3831986,,,,,,,,,,,,,,
2/15/2017,,24,11,,,,,,,877.3119482,666.4028578,0.439979563,,,,,,,,,,,,,
2/15/2017,,36,11,,,,,,,,829.8655234,0.444903241,,,,,,,,,,,,,
2/15/2017,02W,0,11,11,7.25,29.8,4.920872923,16.87742113,23.31247117,6.622092474,454.9372277,0.388639962,5032.711732,3851.878379,-0.961348128,45319.20703,34685.88765,-20.19936502,45.31920703,34.68588765,-0.020199365,1087.660969,832.4613037,0.832461304,-0.48478476
2/15/2017,,12,11,,,,,,,57.05972441,,0.379339681,,,,,,,,,,,,,
2/15/2017,,24,11,,,,,,,82.82270797,516.1794594,0.368158829,,,,,,,,,,,,,
2/15/2017,,36,11,,,,,,,137.8319794,551.9731225,0.365662798,,,,,,,,,,,,,
2/15/2017,03W,0,8,8,7.25,29.8,4.920872923,16.87742113,23.06634267,4.59199975,399.0769471,0.366038912,461.7198612,3475.016047,-0.080449354,4202.11928,31626.1724,-1.708398445,4.20211928,31.6261724,-0.001708398,100.8508627,759.0281376,0.759028138,-0.041001563
2/15/2017,,12,8,,,,,,,11.62963748,441.0894539,0.36662018,,,,,,,,,,,,,
2/15/2017,,24,8,,,,,,,12.28733077,453.2710356,,,,,,,,,,,,,,
2/15/2017,,36,8,,,,,,,,491.5446434,0.364278014,,,,,,,,,,,,,
2/15/2017,04W,0,8,8.5,7.25,29.8,4.920872923,16.87742113,23.10736409,4.523482043,408.0400362,,2145.32125,3019.299188,0.7611186,19489.93929,27429.90491,16.13419392,19.48993929,27.42990491,0.016134194,467.758543,658.3177179,0.658317718,0.387220654
2/15/2017,,12,8,,,,,,,42.11656552,452.9623833,0.361781982,,,,,,,,,,,,,
2/15/2017,,24,9,,,,,,,51.69233361,462.4388886,0.364483167,,,,,,,,,,,,,
2/15/2017,,36,9,,,,,,,60.92381628,488.750623,0.374467292,,,,,,,,,,,,,
2/15/2017,05W,0,8,8,7.25,29.8,4.920872923,16.87742113,23.06634267,3.622653164,414.9856168,0.364756705,471.139585,539.1634089,7.214214,4287.848325,4906.934152,153.1988925,4.287848325,4.906934152,0.153198893,102.9083598,117.7664196,0.11776642,3.676773421
2/15/2017,,12,8,,,,,,,,,0.296115846,,,,,,,,,,,,,
2/15/2017,,24,8,,,,,,,7.374508933,439.6373057,0.484993605,,,,,,,,,,,,,
2/15/2017,,36,8,,,,,,,16.42626045,424.548294,,,,,,,,,,,,,,
2/15/2017,06T,0,10,10,7.25,29.8,4.920872923,16.87742113,23.23042834,,414.3358923,0.371150648,-28.63170888,-1201.107455,-0.346709014,-258.7370434,-10854.08464,-7.310604005,-0.258737043,-10.85408464,-0.007310604,-6.20968904,-260.4980314,-0.260498031,-0.175454496
2/15/2017,,12,10,,,,,,,2.713770898,401.8220363,,,,,,,,,,,,,,
2/15/2017,,24,10,,,,,,,2.241433349,399.671835,0.364414783,,,,,,,,,,,,,
2/15/2017,,36,10,,,,,,,2.23657575,381.6885301,0.362722268,,,,,,,,,,,,,
2/15/2017,07T,0,10,10,7.25,29.8,4.920872923,16.87742113,23.23042834,2.40646387,364.3121651,0.370398419,118.8833344,2892.754398,0.022273791,1074.316681,26141.04255,0.469658596,1.074316681,26.14104255,0.000469659,25.78360034,627.3850212,0.627385021,0.011271806
2/15/2017,,12,10,,,,,,,1.980912665,399.0955072,0.375065655,,,,,,,,,,,,,
2/15/2017,,24,10,,,,,,,4.387852777,415.0398509,,,,,,,,,,,,,,
2/15/2017,,36,10,,,,,,,,439.3516727,0.371851588,,,,,,,,,,,,,
2/15/2017,08T,0,10,10,7.25,29.8,4.920872923,16.87742113,23.23042834,2.611377832,442.9358237,0.364466071,-15.38690012,-1750.908186,0.353010111,-139.0472731,-15822.4858,7.443467081,-0.139047273,-15.8224858,0.007443467,-3.337134553,-379.7396592,-0.379739659,0.17864321
2/15/2017,,12,10,,,,,,,,416.824876,,,,,,,,,,,,,,
2/15/2017,,24,10,,,,,,,2.330787597,413.7540206,0.368654616,,,,,,,,,,,,,
2/15/2017,,36,10,,,,,,,2.232740804,,0.373715063,,,,,,,,,,,,,
2/15/2017,09T,0,10,10.75,7.25,29.8,4.920872923,16.87742113,23.29196046,2.134054853,419.6117856,0.370364227,15.24774636,-1422.55221,-0.262596189,137.4257684,-12821.26066,-5.522398195,0.137425768,-12.82126066,-0.005522398,3.298218441,-307.7102558,-0.307710256,-0.132537557
2/15/2017,,12,11,,,,,,,2.276587023,,,,,,,,,,,,,,,
2/15/2017,,24,11,,,,,,,2.388183959,399.4999731,0.371458377,,,,,,,,,,,,,
2/15/2017,,36,11,,,,,,,,383.1486326,0.362431634,,,,,,,,,,,,,
2/15/2017,10T,0,9,9,7.25,29.8,4.920872923,16.87742113,23.1483855,2.364407292,365.3083853,0.364773801,-17.46434532,1733.402451,-0.589375989,-158.3799359,15719.80879,-12.47145364,-0.158379936,15.71980879,-0.012471454,-3.801118461,377.275411,0.377275411,-0.299314887
2/15/2017,,12,9,,,,,,,2.18020204,405.9040563,0.373014123,,,,,,,,,,,,,
2/15/2017,,24,9,,,,,,,2.07333487,,,,,,,,,,,,,,,
2/15/2017,,36,9,,,,,,,,413.8735767,0.352669759,,,,,,,,,,,,,
2/15/2017,11T,0,9,9.25,7.25,29.8,4.920872923,16.87742113,23.16889621,2.132776538,431.7510648,0.363440305,2.527777423,-909.276546,-0.175259494,22.9035101,-8238.709771,-3.705284456,0.02290351,-8.238709771,-0.003705284,0.549684242,-197.7290345,-0.197729034,-0.088926827
2/15/2017,,12,9,,,,,,,,416.455602,,,,,,,,,,,,,,
2/15/2017,,24,9,,,,,,,2.182247344,,0.358037936,,,,,,,,,,,,,
2/15/2017,,36,10,,,,,,,2.194135678,407.4755195,0.359679162,,,,,,,,,,,,,
2/15/2017,12T,0,7,7.5,7.25,29.8,4.920872923,16.87742113,23.02532125,2.209731126,414.8983602,0.366551796,3.425154874,-585.771684,-0.557870314,31.22792118,-5340.614556,-11.86787322,0.031227921,-5.340614556,-0.011867873,0.749470108,-128.1747493,-0.128174749,-0.284828957
2/15/2017,,12,7,,,,,,,,410.0169295,0.356499286,,,,,,,,,,,,,
2/15/2017,,24,8,,,,,,,2.248336252,,,,,,,,,,,,,,,
2/15/2017,,36,8,,,,,,,2.299980195,,0.35152432,,,,,,,,,,,,,
2/15/2017,13T,0,10,10,7.25,29.8,4.920872923,16.87742113,23.23042834,2.227371879,413.8768307,0.369372653,-3.741373572,-165.938994,-0.798192703,-33.80978551,-1499.546006,-16.83045589,-0.033809786,-1.499546006,-0.016830456,-0.811434852,-35.98910413,-0.035989104,-0.403930941
2/15/2017,,12,10,,,,,,,2.227627542,391.6246995,0.35538804,,,,,,,,,,,,,
2/15/2017,,24,10,,,,,,,2.198098456,397.1160831,,,,,,,,,,,,,,
2/15/2017,,36,10,,,,,,,2.133287864,407.436953,0.347951234,,,,,,,,,,,,,
2/15/2017,14T,0,6,6,7.25,29.8,4.920872923,16.87742113,22.902257,,415.7706855,0.348549598,80.14270722,635.444952,1.3150323,734.6056834,5824.628209,28.1257091,0.734605683,5.824628209,0.028125709,17.6305364,139.791077,0.139791077,0.675017019
2/15/2017,,12,6,,,,,,,2.192346036,420.0344501,0.368671712,,,,,,,,,,,,,
2/15/2017,,24,6,,,,,,,2.893757709,,0.370466803,,,,,,,,,,,,,
2/15/2017,,36,6,,,,,,,3.528057823,431.4504873,,,,,,,,,,,,,,
2/15/2017,15T,0,8,8.25,7.25,29.8,4.920872923,16.87742113,23.08685338,3.821303381,435.0070391,0.368842673,-66.19117263,580.4897966,-0.001465363,-601.871653,5278.352679,-0.031090362,-0.601871653,5.278352679,-3.11E-05,-14.44491967,126.6804643,0.126680464,-0.000746169
2/15/2017,,12,8,,,,,,,,,,,,,,,,,,,,,,
2/15/2017,,24,8,,,,,,,2.297807059,428.0198791,0.364978954,,,,,,,,,,,,,
2/15/2017,,36,9,,,,,,,2.271601593,453.6847815,0.369765863,,,,,,,,,,,,,
3/15/2017,01W,0,11,11,7.25,29.8,4.920872923,16.87742113,23.31247117,2.845479347,430.8438063,1.118659573,7330.197831,6223.468096,-24.59262839,66007.90405,56041.88242,-516.7279815,66.00790405,56.04188242,-0.516727981,1584.189697,1345.005178,1.345005178,-12.40147155
3/15/2017,,17,11,,,,,,,62.19605644,517.2169667,0.521676575,,,,,,,,,,,,,
3/15/2017,,24,11,,,,,,,163.3736249,548.9972168,,,,,,,,,,,,,,
3/15/2017,,36,11,,,,,,,171.5708165,584.0717782,0.492692832,,,,,,,,,,,,,
3/15/2017,02W,0,10,10,7.25,29.8,4.920872923,16.87742113,23.23042834,2.289737543,455.6478533,0.376051741,7095.631843,5710.301978,-2.034187226,64121.31429,51602.46134,-42.89227181,64.12131429,51.60246134,-0.042892272,1538.911543,1238.459072,1.238459072,-1.029414523
3/15/2017,,12,10,,,,,,,64.66706365,502.7388726,0.330597349,,,,,,,,,,,,,
3/15/2017,,24,10,,,,,,,82.33565236,532.5992931,,,,,,,,,,,,,,
3/15/2017,,36,10,,,,,,,193.5010925,604.3138792,0.319496494,,,,,,,,,,,,,
3/15/2017,03W,0,10,10,7.25,29.8,4.920872923,16.87742113,23.23042834,4.92703245,409.5210227,0.310513997,417.6293427,4792.564331,0.035892437,3774.003913,43309.11334,0.756817342,3.774003913,43.30911334,0.000756817,90.5760939,1039.41872,1.03941872,0.018163616
3/15/2017,,12,10,,,,,,,,442.9290127,,,,,,,,,,,,,,
3/15/2017,,24,10,,,,,,,13.47632432,496.032657,0.311220116,,,,,,,,,,,,,
3/15/2017,,36,10,,,,,,,14.97056531,524.9465949,0.31138433,,,,,,,,,,,,,
3/15/2017,04W,0,10,10,7.25,29.8,4.920872923,16.87742113,23.23042834,,,0.328166985,602.7215542,4258.834608,-1.62079062,5446.632388,38485.94156,-34.17551292,5.446632388,38.48594156,-0.034175513,130.7191773,923.6625973,0.923662597,-0.82021231
3/15/2017,,12,10,,,,,,,3.925131733,442.5790425,0.310234833,,,,,,,,,,,,,
3/15/2017,,24,10,,,,,,,13.65570107,466.1907974,0.301153808,,,,,,,,,,,,,
3/15/2017,,36,10,,,,,,,13.97049097,513.5596193,,,,,,,,,,,,,,
3/15/2017,05W,0,9,9,7.25,29.8,4.920872923,16.87742113,23.1483855,,419.956387,0.314652185,-1028.507564,1817.623361,-0.41874528,-9327.287055,16483.58791,-8.860833233,-9.327287055,16.48358791,-0.008860833,-223.8548893,395.6061099,0.39560611,-0.212659998
3/15/2017,,12,9,,,,,,,63.94799116,445.0686422,0.310333361,,,,,,,,,,,,,
3/15/2017,,24,9,,,,,,,56.4153134,,0.307673097,,,,,,,,,,,,,
3/15/2017,,36,9,,,,,,,46.80619843,467.3900498,,,,,,,,,,,,,,
3/15/2017,06T,0,11,11,7.25,29.8,4.920872923,16.87742113,23.31247117,8.241914898,,,-220.9519828,-2710.667022,-1.27298568,-1989.656707,-24409.3615,-26.74733706,-1.989656707,-24.4093615,-0.026747337,-47.75176098,-585.8246759,-0.585824676,-0.641936089
3/15/2017,,12,11,,,,,,,2.95936728,439.9626916,0.3276415,,,,,,,,,,,,,
3/15/2017,,24,11,,,,,,,2.385231205,423.3635289,0.32337194,,,,,,,,,,,,,
3/15/2017,,36,11,,,,,,,2.295738511,394.7849079,0.306425072,,,,,,,,,,,,,
3/15/2017,07T,0,10,10.25,7.25,29.8,4.920872923,16.87742113,23.25093904,,407.1978604,,-0.01565472,1193.256762,-0.67787472,-0.141342694,10773.62775,-14.28085747,-0.000141343,10.77362775,-0.014280857,-0.003392225,258.5670659,0.258567066,-0.342740579
3/15/2017,,12,10,,,,,,,2.461939229,431.0789922,0.322370236,,,,,,,,,,,,,
3/15/2017,,24,10,,,,,,,2.518035232,427.0854731,0.318002148,,,,,,,,,,,,,
3/15/2017,,36,11,,,,,,,2.461678317,,0.311072324,,,,,,,,,,,,,
3/15/2017,08T,0,10,10,7.25,29.8,4.920872923,16.87742113,23.23042834,2.090661958,388.024475,0.282958914,12.85094215,3117.752468,1.771820443,116.1305038,28174.28953,37.36008322,0.116130504,28.17428953,0.037360083,2.787132091,676.1829486,0.676182949,0.896641997
3/15/2017,,12,10,,,,,,,2.122232267,404.6933631,,,,,,,,,,,,,,
3/15/2017,,24,10,,,,,,,2.318829192,443.3141509,0.313108575,,,,,,,,,,,,,
3/15/2017,,36,10,,,,,,,2.382100265,461.7551143,0.327099595,,,,,,,,,,,,,
3/15/2017,09T,0,11,11.75,7.25,29.8,4.920872923,16.87742113,23.37400329,2.49063951,456.2389928,0.309824298,151.8013768,-3730.713129,-0.937848686,1363.361949,-33506.36489,-19.65373145,1.363361949,-33.50636489,-0.019653731,32.72068677,-804.1527574,-0.804152757,-0.471689555
3/15/2017,,12,12,,,,,,,,,0.304126078,,,,,,,,,,,,,
3/15/2017,,24,12,,,,,,,5.725422083,398.0972917,,,,,,,,,,,,,,
3/15/2017,,36,12,,,,,,,6.109484024,361.9619518,0.286801518,,,,,,,,,,,,,
3/15/2017,10T,0,10,10,7.25,29.8,4.920872923,16.87742113,23.23042834,2.044611053,376.9491268,0.277145744,376.5894317,1583.296834,0.388201512,3403.137289,14307.82715,8.185502573,3.403137289,14.30782715,0.008185503,81.67529493,343.3878516,0.343387852,0.196452062
3/15/2017,,12,10,,,,,,,7.854461105,,0.28350082,,,,,,,,,,,,,
3/15/2017,,24,10,,,,,,,8.321101582,404.0075876,0.286193927,,,,,,,,,,,,,
3/15/2017,,36,10,,,,,,,,416.3640026,0.287031417,,,,,,,,,,,,,
3/15/2017,11T,0,11,11,7.25,29.8,4.920872923,16.87742113,23.31247117,2.176240978,427.2958704,0.300037154,-1.233366643,-796.7535309,-0.403825311,-11.10637788,-7174.708217,-8.484975038,-0.011106378,-7.174708217,-0.008484975,-0.266553069,-172.1929972,-0.172192997,-0.203639401
3/15/2017,,12,11,,,,,,,,,,,,,,,,,,,,,,
3/15/2017,,24,11,,,,,,,2.236902935,411.7152358,0.297130569,,,,,,,,,,,,,
3/15/2017,,36,11,,,,,,,2.125102295,407.9523844,0.288985562,,,,,,,,,,,,,
3/15/2017,12T,0,10,10,7.25,29.8,4.920872923,16.87742113,23.23042834,2.086748283,395.1152183,0.276406782,4.566699249,-1704.108256,0.528815494,41.26803141,-15399.56743,11.15044753,0.041268031,-15.39956743,0.011150448,0.990432754,-369.5896184,-0.369589618,0.267610741
3/15/2017,,12,10,,,,,,,,370.4254672,0.281792996,,,,,,,,,,,,,
3/15/2017,,24,10,,,,,,,2.120144974,354.2214558,,,,,,,,,,,,,,
3/15/2017,,36,10,,,,,,,2.211594505,353.180215,0.289823053,,,,,,,,,,,,,
3/15/2017,13T,0,10,10,7.25,29.8,4.920872923,16.87742113,23.23042834,2.22268325,367.1524032,0.283402291,-4.665100209,3768.271691,-0.514739983,-42.15725439,34052.85657,-10.85365544,-0.042157254,34.05285657,-0.010853655,-1.011774105,817.2685577,0.817268558,-0.260487731
3/15/2017,,12,10,,,,,,,,,0.280643499,,,,,,,,,,,,,
3/15/2017,,24,10,,,,,,,2.137104231,442.3432461,,,,,,,,,,,,,,
3/15/2017,,36,10,,,,,,,2.108012582,458.2626168,0.270839933,,,,,,,,,,,,,
3/15/2017,14T,0,10,10,7.25,29.8,4.920872923,16.87742113,23.23042834,2.09183606,397.0676515,0.28065992,1106.128582,2416.7067,0.417478509,9995.786145,21839.12769,8.802828686,9.995786145,21.83912769,0.008802829,239.8988675,524.1390646,0.524139065,0.211267888
3/15/2017,,12,10,,,,,,,14.25605877,419.9221959,0.282367744,,,,,,,,,,,,,
3/15/2017,,24,10,,,,,,,,437.3460965,,,,,,,,,,,,,,
3/15/2017,,36,10,,,,,,,30.33434752,,0.29074265,,,,,,,,,,,,,
3/15/2017,15T,0,10,10,7.25,29.8,4.920872923,16.87742113,23.23042834,2.585741804,381.0679318,0.281694468,-27.1217655,1045.767925,0.371873966,-245.0920916,9450.323138,7.841224748,-0.245092092,9.450323138,0.007841225,-5.882210199,226.8077553,0.226807755,0.188189394
3/15/2017,,12,10,,,,,,,2.326265173,393.3880799,0.286259612,,,,,,,,,,,,,
3/15/2017,,24,10,,,,,,,2.133712379,,,,,,,,,,,,,,,
3/15/2017,,36,10,,,,,,,,407.933213,0.291284556,,,,,,,,,,,,,
5/2/2017,01W,0,24,24.5,7.25,29.8,4.920872923,16.87742113,24.42004942,2.743587816,389.0228869,0.383645873,15688.7844,4138.280432,1.520417554,134868.7447,35574.75665,30.4973203,134.8687447,35.57475665,0.03049732,3236.849874,853.7941597,0.85379416,0.731935687
5/2/2017,,12,24,,,,,,,128.2813151,457.4188178,0.38958408,,,,,,,,,,,,,
5/2/2017,,24,25,,,,,,,300.5956674,464.5274319,,,,,,,,,,,,,,
5/2/2017,,36,25,,,,,,,381.1050371,501.6055831,0.420309924,,,,,,,,,,,,,
5/2/2017,02W,0,22,21.75,7.25,29.8,4.920872923,16.87742113,24.19443163,19.44310456,376.4399604,0.30146618,1881.588167,10461.87751,-0.960938844,16325.92166,90774.27018,-19.45475067,16.32592166,90.77427018,-0.019454751,391.8221198,2178.582484,2.178582484,-0.466914016
5/2/2017,,12,21,,,,,,,44.88274099,518.1172036,0.298648318,,,,,,,,,,,,,
5/2/2017,,24,22,,,,,,,49.9025843,593.6766871,0.293315075,,,,,,,,,,,,,
5/2/2017,,36,22,,,,,,,70.03616144,641.8611746,0.276551182,,,,,,,,,,,,,
5/2/2017,03W,0,24,24,7.25,29.8,4.920872923,16.87742113,24.37902801,2.67220659,381.9770258,0.289000721,3787.713364,5470.081123,1.25855424,32615.8934,47102.71493,25.28720884,32.6158934,47.10271493,0.025287209,782.7814416,1130.465158,1.130465158,0.606893012
5/2/2017,,12,24,,,,,,,21.71521604,457.5619658,0.306305898,,,,,,,,,,,,,
5/2/2017,,24,24,,,,,,,47.1183348,,,,,,,,,,,,,,,
5/2/2017,,36,24,,,,,,,99.41876044,524.72924,0.321828022,,,,,,,,,,,,,
5/2/2017,04W,0,23,23,7.25,29.8,4.920872923,16.87742113,24.29698517,2.414801566,372.3979558,0.094138374,10970.34989,5023.80124,7.503155568,94784.35295,43405.88537,151.2644619,94.78435295,43.40588537,0.151264462,2274.824471,1041.741249,1.041741249,3.630347086
5/2/2017,,12,23,,,,,,,118.6163107,452.0372141,0.290449452,,,,,,,,,,,,,
5/2/2017,,24,23,,,,,,,185.2539664,476.4394932,0.297502068,,,,,,,,,,,,,
5/2/2017,,36,23,,,,,,,,503.8138972,0.30020849,,,,,,,,,,,,,
5/2/2017,05W,0,24,24.33333333,7.25,29.8,4.920872923,16.87742113,24.40637562,2.633398616,365.4367521,0.274784048,2887.158602,10023.5991,2.300139888,24833.38434,86216.21573,46.16324217,24.83338434,86.21621573,0.046163242,596.0012243,2069.189178,2.069189178,1.107917812
5/2/2017,,12,24,,,,,,,,447.9009616,0.296817503,,,,,,,,,,,,,
5/2/2017,,24,25,,,,,,,38.05788154,561.1162793,0.325871734,,,,,,,,,,,,,
5/2/2017,,36,,,,,,,,77.98607044,606.1316211,0.328992079,,,,,,,,,,,,,
5/2/2017,06T,0,22,22,7.25,29.8,4.920872923,16.87742113,24.21494234,,377.235266,0.282218747,14.53581312,-4614.474932,1.040030028,126.0156404,-40004.36775,21.03816145,0.12601564,-40.00436775,0.021038161,3.024375369,-960.1048259,-0.960104826,0.504915875
5/2/2017,,12,22,,,,,,,2.374848439,284.6832135,0.28634206,,,,,,,,,,,,,
5/2/2017,,24,22,,,,,,,2.444830032,261.4809377,0.290338012,,,,,,,,,,,,,
5/2/2017,,36,22,,,,,,,2.617111991,256.7894987,0.309776486,,,,,,,,,,,,,
5/2/2017,07T,0,21,21.25,7.25,29.8,4.920872923,16.87742113,24.15341021,,457.1546632,0.362488024,5.18372748,-7020.792066,-2.291351928,45.05388679,-61020.56331,-46.4685033,0.045053887,-61.02056331,-0.046468503,1.081293283,-1464.49352,-1.46449352,-1.115244079
5/2/2017,,12,21,,,,,,,2.122532985,355.8247664,0.301911943,,,,,,,,,,,,,
5/2/2017,,24,21,,,,,,,2.13029458,319.9025731,0.294461324,,,,,,,,,,,,,
5/2/2017,,36,22,,,,,,,2.208928443,274.1067258,0.301322899,,,,,,,,,,,,,
5/2/2017,08T,0,19,19.5,7.25,29.8,4.920872923,16.87742113,24.00983526,2.209182921,406.1241489,0.284909248,131.0452413,1961.613551,4.885477457,1145.778408,17151.13368,99.66970617,1.145778408,17.15113368,0.099669706,27.49868179,411.6272084,0.411627208,2.392072948
5/2/2017,,12,19,,,,,,,2.519901196,408.2447271,0.308120793,,,,,,,,,,,,,
5/2/2017,,24,20,,,,,,,4.859703957,,,,,,,,,,,,,,,
5/2/2017,,36,20,,,,,,,5.069394258,452.3192474,0.403546031,,,,,,,,,,,,,
5/2/2017,09T,0,24,24,7.25,29.8,4.920872923,16.87742113,24.37902801,2.374339482,366.71644,0.278159115,2433.193641,7794.252564,1.3602156,20952.16211,67116.08994,27.32981611,20.95216211,67.11608994,0.027329816,502.8518907,1610.786158,1.610786158,0.655915587
5/2/2017,,12,24,,,,,,,,455.6687192,0.280196891,,,,,,,,,,,,,
5/2/2017,,24,24,,,,,,,39.08597476,509.2223782,0.300829375,,,,,,,,,,,,,
5/2/2017,,36,24,,,,,,,64.16457853,565.372236,,,,,,,,,,,,,,
5/2/2017,10T,0,20,20,7.25,29.8,4.920872923,16.87742113,24.05085667,1.87556158,396.3473477,0.276455661,12879.85932,6657.425116,0.161975906,112421.436,58109.12006,3.298870074,112.421436,58.10912006,0.00329887,2698.114465,1394.618881,1.394618881,0.079172882
5/2/2017,,12,20,,,,,,,,478.9927121,0.277140227,,,,,,,,,,,,,
5/2/2017,,24,20,,,,,,,314.4585295,530.0086629,,,,,,,,,,,,,,
5/2/2017,,36,20,,,,,,,299.3923832,564.2705062,0.280372012,,,,,,,,,,,,,
5/2/2017,11T,0,20,20,7.25,29.8,4.920872923,16.87742113,24.05085667,5.469816211,,0.300702014,-179.5447757,6713.94261,-1.15580118,-1567.150774,58602.43118,-23.53953761,-1.567150774,58.60243118,-0.023539538,-37.61161858,1406.458348,1.406458348,-0.564948903
5/2/2017,,12,20,,,,,,,2.499288435,418.7024578,0.287026625,,,,,,,,,,,,,
5/2/2017,,24,20,,,,,,,2.477403283,456.2291154,0.281438661,,,,,,,,,,,,,
5/2/2017,,36,20,,,,,,,,530.6015013,,,,,,,,,,,,,,
5/2/2017,12T,0,23,23,7.25,29.8,4.920872923,16.87742113,24.29698517,2.168848076,761.2734116,0.299969688,24.32741953,-17411.30449,-0.418107994,210.1900798,-150434.5118,-8.429104288,0.21019008,-150.4345118,-0.008429104,5.044561915,-3610.428283,-3.610428283,-0.202298503
5/2/2017,,12,23,,,,,,,,494.1203326,,,,,,,,,,,,,,
5/2/2017,,24,23,,,,,,,2.375739113,471.0850035,0.268957282,,,,,,,,,,,,,
5/2/2017,,36,23,,,,,,,2.826675053,,0.295527973,,,,,,,,,,,,,
5/2/2017,13T,0,22,22,7.25,29.8,4.920872923,16.87742113,24.21494234,3.155970259,409.0096035,0.290847456,475.7981273,1034.775213,-1.165353264,4124.847038,8970.79923,-23.57325217,4.124847038,8.97079923,-0.023573252,98.99632891,215.2991815,0.215299182,-0.565758052
5/2/2017,,12,22,,,,,,,,425.1353521,0.288809679,,,,,,,,,,,,,
5/2/2017,,24,22,,,,,,,13.42608717,,0.283014753,,,,,,,,,,,,,
5/2/2017,,36,22,,,,,,,14.46588641,436.3795082,0.260408174,,,,,,,,,,,,,
5/2/2017,14T,0,25,25,7.25,29.8,4.920872923,16.87742113,24.46107084,3.42075516,390.3317017,0.307308866,522.3655154,-4012.171028,-0.083239517,4482.988166,-34432.81517,-1.666861176,4.482988166,-34.43281517,-0.001666861,107.591716,-826.387564,-0.826387564,-0.040004668
5/2/2017,,12,25,,,,,,,7.054072244,337.7852877,,,,,,,,,,,,,,
5/2/2017,,24,25,,,,,,,13.23688239,326.9804027,0.306130777,,,,,,,,,,,,,
5/2/2017,,36,25,,,,,,,15.86997165,282.4841348,0.305175569,,,,,,,,,,,,,
5/2/2017,15T,0,21,18.75,7.25,29.8,4.920872923,16.87742113,23.94830313,,,,42.05003082,6021.611106,1.35257394,368.6040739,52784.51269,27.6650598,0.368604074,52.78451269,0.02766506,8.846497774,1266.828304,1.266828304,0.663961435
5/2/2017,,12,21,,,,,,,2.532243404,402.4998663,0.264276765,,,,,,,,,,,,,
5/2/2017,,24,21,,,,,,,2.606423893,437.0742907,0.265375253,,,,,,,,,,,,,
5/2/2017,,36,12,,,,,,,3.233077251,502.8600514,0.286819664,,,,,,,,,,,,,
5/18/2017,01W,0,23,23,7.25,29.8,4.920872923,16.87742113,24.29698517,3.129099379,423.6085889,0.410886407,13609.34482,27375.97783,-15.17155948,117585.3966,236529.7708,-305.8603491,117.5853966,236.5297708,-0.305860349,2822.049518,5676.714499,5.676714499,-7.340648379
5/18/2017,,12,23,,,,,,,155.8516092,865.1308294,,,,,,,,,,,,,,
5/18/2017,,24,23,,,,,,,255.7562992,,0.164903714,,,,,,,,,,,,,
5/18/2017,,36,23,,,,,,,347.8648921,1150.685853,0.029878262,,,,,,,,,,,,,
5/18/2017,02W,0,20,20,7.25,29.8,4.920872923,16.87742113,24.05085667,2.942645572,606.0414761,0.303421265,3810.042615,9568.159476,2.346977811,33255.83389,83515.37089,47.79954669,33.25583389,83.51537089,0.047799547,798.1400132,2004.368901,2.004368901,1.14718912
5/18/2017,,12,20,,,,,,,21.00857088,706.9463647,0.324129222,,,,,,,,,,,,,
5/18/2017,,24,20,,,,,,,54.29635045,765.5108007,,,,,,,,,,,,,,
5/18/2017,,36,20,,,,,,,97.68123614,,0.362325672,,,,,,,,,,,,,
5/18/2017,03W,0,19,19.75,7.25,29.8,4.920872923,16.87742113,24.03034596,2.5913259,333.7819814,0.266244949,3830.426743,15850.20188,-1.401352869,33462.29292,138466.0597,-28.56490788,33.46229292,138.4660597,-0.028564908,803.0950301,3323.185433,3.323185433,-0.685557789
5/18/2017,,12,20,,,,,,,71.97684039,510.5010837,0.257589182,,,,,,,,,,,,,
5/18/2017,,24,20,,,,,,,,621.6488477,,,,,,,,,,,,,,
5/18/2017,,36,20,,,,,,,105.8450528,737.0161123,0.231815562,,,,,,,,,,,,,
5/18/2017,04W,0,18,18.75,7.25,29.8,4.920872923,16.87742113,23.94830313,12.84202267,332.5245043,,5382.345666,15134.01257,5.88340908,47180.8106,132662.4162,120.3371285,47.1808106,132.6624162,0.120337129,1132.339454,3183.897988,3.183897988,2.888091084
5/18/2017,,12,19,,,,,,,77.00466403,589.498983,0.137361295,,,,,,,,,,,,,
5/18/2017,,24,19,,,,,,,88.98674415,696.0835614,0.220366972,,,,,,,,,,,,,
5/18/2017,,36,19,,,,,,,158.3575978,717.3855496,0.235418113,,,,,,,,,,,,,
5/18/2017,05W,0,20,20.5,7.25,29.8,4.920872923,16.87742113,24.09187809,6.827512381,457.7578833,0.828338144,37684.76749,3349.600011,-59.25787949,328370.2037,29187.09364,-1204.816188,328.3702037,29.18709364,-1.204816188,7880.884888,700.4902474,0.700490247,-28.9155885
5/18/2017,,12,20,,,,,,,47.98892568,,0.134470854,,,,,,,,,,,,,
5/18/2017,,24,21,,,,,,,,653.9535108,-0.41989998,,,,,,,,,,,,,
5/18/2017,,36,21,,,,,,,894.3710365,506.4056434,-0.632923786,,,,,,,,,,,,,
5/18/2017,06T,0,20,20,7.25,29.8,4.920872923,16.87742113,24.05085667,3.897052556,407.5144453,0.268853813,-90.32284392,7874.717286,3.89021808,-788.3800253,68734.21544,79.22983329,-0.788380025,68.73421544,0.079229833,-18.92112061,1649.621171,1.649621171,1.901515999
5/18/2017,,12,20,,,,,,,2.413672273,518.8739737,0.268853813,,,,,,,,,,,,,
5/18/2017,,24,20,,,,,,,2.391671824,583.4396135,0.333690781,,,,,,,,,,,,,
5/18/2017,,36,20,,,,,,,,604.7347122,,,,,,,,,,,,,,
5/18/2017,07T,0,16,16.75,7.25,29.8,4.920872923,16.87742113,23.78421746,3.149862302,571.692782,0.497698039,4234.555698,-4290.777943,-7.254076226,37375.54565,-37871.7812,-149.3958702,37.37554565,-37.8717812,-0.14939587,897.0130955,-908.9227488,-0.908922749,-3.585500884
5/18/2017,,12,17,,,,,,,53.11480733,508.2391435,,,,,,,,,,,,,,
5/18/2017,,24,17,,,,,,,73.7257906,506.5961161,0.324476138,,,,,,,,,,,,,
5/18/2017,,36,17,,,,,,,,453.0521816,0.329426291,,,,,,,,,,,,,
5/18/2017,08T,0,18,18,7.25,29.8,4.920872923,16.87742113,23.886771,8.254241508,432.9905791,,103.1860351,1765.452666,2.1713778,906.8428606,15515.55057,44.52698524,0.906842861,15.51555057,0.044526985,21.76422865,372.3732136,0.372373214,1.068647646
5/18/2017,,12,18,,,,,,,9.427140452,459.4609294,0.298655071,,,,,,,,,,,,,
5/18/2017,,24,18,,,,,,,,,0.306197364,,,,,,,,,,,,,
5/18/2017,,36,18,,,,,,,10.89649545,479.4785447,0.334844701,,,,,,,,,,,,,
5/18/2017,09T,0,20,20,7.25,29.8,4.920872923,16.87742113,24.05085667,9.146634726,410.8118945,0.287266375,422.9690003,5424.610628,-7.253606246,3691.871255,47348.53862,-147.7300248,3.691871255,47.34853862,-0.147730025,88.60491012,1136.364927,1.136364927,-3.545520596
5/18/2017,,12,20,,,,,,,12.93330603,,,,,,,,,,,,,,,
5/18/2017,,24,20,,,,,,,,556.7396572,0.102442649,,,,,,,,,,,,,
5/18/2017,,36,20,,,,,,,19.77324566,532.5477638,0.121908791,,,,,,,,,,,,,
5/18/2017,10T,0,20,20,7.25,29.8,4.920872923,16.87742113,24.05085667,4.001227681,663.3984291,0.484761059,4387.462226,-7012.10358,-15.89309875,38295.8223,-61204.91957,-323.6855977,38.2958223,-61.20491957,-0.323685598,919.0997353,-1468.91807,-1.46891807,-7.768454346
5/18/2017,,12,20,,,,,,,108.2854526,572.354049,0.08605363,,,,,,,,,,,,,
5/18/2017,,24,20,,,,,,,111.3011642,507.3473448,0.060299457,,,,,,,,,,,,,
5/18/2017,,36,20,,,,,,,124.8699412,490.2866755,0.051870818,,,,,,,,,,,,,
5/18/2017,11T,0,17,17.5,7.25,29.8,4.920872923,16.87742113,23.84574959,2.55653769,432.7515644,0.315177878,-3.623002526,-378.1459697,-0.58599108,-31.89526515,-3329.024997,-12.03719707,-0.031895265,-3.329024997,-0.012037197,-0.765486364,-79.89659992,-0.0798966,-0.28889273
5/18/2017,,12,17,,,,,,,2.519961943,,0.30679941,,,,,,,,,,,,,
5/18/2017,,24,18,,,,,,,,406.8129026,0.30541136,,,,,,,,,,,,,
5/18/2017,,36,18,,,,,,,2.464685815,428.2069724,,,,,,,,,,,,,,
5/18/2017,12T,0,20,20,7.25,29.8,4.920872923,16.87742113,24.05085667,2.513499311,399.7622334,0.307669031,442.2139778,642.0454752,0.208995857,3859.85042,5604.073189,4.256498371,3.85985042,5.604073189,0.004256498,92.63641008,134.4977565,0.134497757,0.102155961
5/18/2017,,12,20,,,,,,,4.619079796,408.9011016,0.311548881,,,,,,,,,,,,,
5/18/2017,,24,20,,,,,,,9.411740138,415.1495347,,,,,,,,,,,,,,
5/18/2017,,36,20,,,,,,,13.19966747,415.5140189,0.313321571,,,,,,,,,,,,,
5/18/2017,13T,0,18,18,7.25,29.8,4.920872923,16.87742113,23.886771,2.753579212,373.9630852,0.278285861,-7.317899374,5079.80634,1.96066188,-64.31281901,44643.50342,40.20597548,-0.064312819,44.64350342,0.040205975,-1.543507656,1071.444082,1.071444082,0.964943412
5/18/2017,,12,18,,,,,,,,479.2323754,0.30718405,,,,,,,,,,,,,
5/18/2017,,24,18,,,,,,,2.622539037,494.4143148,0.310963559,,,,,,,,,,,,,
5/18/2017,,36,18,,,,,,,2.572900524,510.0081704,,,,,,,,,,,,,,
5/18/2017,14T,0,20,20,7.25,29.8,4.920872923,16.87742113,24.05085667,2.149941889,383.8920004,0.271261995,227.7706499,-7053.73034,1.69455774,1988.08876,-61568.25741,34.51208248,1.98808876,-61.56825741,0.034512082,47.71413024,-1477.638178,-1.477638178,0.82828998
5/18/2017,,12,20,,,,,,,3.062960528,358.0468777,0.275292356,,,,,,,,,,,,,
5/18/2017,,24,20,,,,,,,5.13801539,279.6402451,0.297701832,,,,,,,,,,,,,
5/18/2017,,36,20,,,,,,,7.785219433,214.0905907,0.310863218,,,,,,,,,,,,,
5/18/2017,15T,0,20,20,7.25,29.8,4.920872923,16.87742113,24.05085667,2.273281907,412.0773211,,38.32863247,-7649.899302,6.33251646,334.5502303,-66771.89893,128.9707192,0.33455023,-66.77189893,0.128970719,8.029205528,-1602.525574,-1.602525574,3.09529726
5/18/2017,,12,20,,,,,,,2.466473351,314.8706704,0.210304877,,,,,,,,,,,,,
5/18/2017,,24,20,,,,,,,2.793180021,284.5789994,0.28111213,,,,,,,,,,,,,
5/18/2017,,36,20,,,,,,,3.229063919,,0.315846818,,,,,,,,,,,,,
6/14/2017,01W,0,25,25,7.25,29.8,4.920872923,16.87742113,24.46107084,5.816741392,368.6081275,0.330975107,14810.64871,44241.18095,-25.72615064,127106.3287,379681.8221,-515.1630281,127.1063287,379.6818221,-0.515163028,3050.551889,9112.36373,9.11236373,-12.36391267
6/14/2017,,12,25,,,,,,,203.2177069,811.7299589,0.167164323,,,,,,,,,,,,,
6/14/2017,,24,25,,,,,,,,,,,,,,,,,,,,,,
6/14/2017,,36,25,,,,,,,390.8787377,1489.526716,-0.302063898,,,,,,,,,,,,,
6/14/2017,02W,0,21,21,7.25,29.8,4.920872923,16.87742113,24.13289951,8.114927769,371.8104526,0.250013415,63190.64499,112400.1685,17.66277674,549682.4142,977745.9301,358.5046718,549.6824142,977.7459301,0.358504672,13192.37794,23465.90232,23.46590232,8.604112124
6/14/2017,,12,21,,,,,,,330.2141617,844.4538146,-0.058913655,,,,,,,,,,,,,
6/14/2017,,24,21,,,,,,,448.2248075,1150.008475,0.0892843,,,,,,,,,,,,,
6/14/2017,,36,21,,,,,,,1724.07374,3392.185801,0.691246784,,,,,,,,,,,,,
6/14/2017,03W,0,25,25,7.25,29.8,4.920872923,16.87742113,24.46107084,48.51878453,2.338627628,0.263647138,2025.358959,36700.65786,-17.70797358,17381.81403,314968.3699,-354.6000107,17.38181403,314.9683699,-0.354600011,417.1635368,7559.240878,7.559240878,-8.510400257
6/14/2017,,12,25,,,,,,,98.06851385,,0.100533649,,,,,,,,,,,,,
6/14/2017,,24,25,,,,,,,100.1051494,807.5304462,,,,,,,,,,,,,,
6/14/2017,,36,25,,,,,,,104.0998771,871.4765272,-0.18216161,,,,,,,,,,,,,
6/14/2017,04W,0,23,23,7.25,29.8,4.920872923,16.87742113,24.29698517,2.774550499,523.4019738,0.762989874,13912.47853,19938.14639,-33.80535591,120204.4865,172266.5479,-681.5197851,120.2044865,172.2665479,-0.681519785,2884.907676,4134.397148,4.134397148,-16.35647484
6/14/2017,,12,23,,,,,,,76.98685223,,,,,,,,,,,,,,,
6/14/2017,,24,23,,,,,,,175.742451,886.7815795,-0.019687987,,,,,,,,,,,,,
6/14/2017,,36,23,,,,,,,356.3137545,1014.086342,-0.027330208,,,,,,,,,,,,,
6/14/2017,05W,0,26,26,7.25,29.8,4.920872923,16.87742113,24.54311367,4.983153211,402.0277072,0.252351935,98456.38527,41677.19099,-114.5123166,842137.0745,356481.7822,-2285.4298,842.1370745,356.4817822,-2.2854298,20211.28979,8555.562774,8.555562774,-54.85031521
6/14/2017,,12,26,,,,,,,827.0574168,1219.308856,-2.682252241,,,,,,,,,,,,,
6/14/2017,,24,26,,,,,,,1768.779983,1414.195285,-2.838566234,,,,,,,,,,,,,
6/14/2017,,36,26,,,,,,,2425.975222,1494.765314,-2.876441083,,,,,,,,,,,,,
6/14/2017,06T,0,22,22,7.25,29.8,4.920872923,16.87742113,24.21494234,,825.2007863,0.247843024,10.13859583,-29078.44998,2.704529573,87.89474904,-252090.4379,54.70835292,0.087894749,-252.0904379,0.054708353,2.109473977,-6050.17051,-6.05017051,1.31300047
6/14/2017,,17,22,,,,,,,2.598901561,575.6391455,0.288866468,,,,,,,,,,,,,
6/14/2017,,24,22,,,,,,,2.602419952,310.3258837,0.30992843,,,,,,,,,,,,,
6/14/2017,,36,22,,,,,,,2.725293015,,0.311854269,,,,,,,,,,,,,
6/14/2017,07T,0,22,22,7.25,29.8,4.920872923,16.87742113,24.21494234,3.002704667,458.8220337,0.246941242,-17.61220094,-9913.685134,3.534477372,-152.6858361,-85944.92583,71.49688337,-0.152685836,-85.94492583,0.071496883,-3.664460066,-2062.67822,-2.06267822,1.715925201
6/14/2017,,13,22,,,,,,,2.728676084,350.8661238,0.290960436,,,,,,,,,,,,,
6/14/2017,,24,22,,,,,,,2.678606664,281.5476669,0.340741866,,,,,,,,,,,,,
6/14/2017,,36,22,,,,,,,2.538276966,209.4230016,0.327581961,,,,,,,,,,,,,
6/14/2017,08T,0,24,24.75,7.25,29.8,4.920872923,16.87742113,24.44056013,2.173852782,469.0541568,0.147577081,13.32039891,-571.130622,7.262478224,114.4128055,-4905.608101,145.5522867,0.114412806,-4.905608101,0.145552287,2.745907332,-117.7345944,-0.117734594,3.49325488
6/14/2017,,7,25,,,,,,,,,0.314131651,,,,,,,,,,,,,
6/14/2017,,24,25,,,,,,,2.527857113,488.9431025,0.334169555,,,,,,,,,,,,,
6/14/2017,,36,25,,,,,,,2.473863334,447.4239439,0.37092864,,,,,,,,,,,,,
6/14/2017,09T,0,21,21,7.25,29.8,4.920872923,16.87742113,24.13289951,2.556680861,,,46.81463701,-8889.348558,2.95478844,407.2308915,-77326.6134,59.97389172,0.407230891,-77.3266134,0.059973892,9.773541395,-1855.838722,-1.855838722,1.439373401
6/14/2017,,12,21,,,,,,,3.415303752,698.2084161,0.271702039,,,,,,,,,,,,,
6/14/2017,,24,21,,,,,,,3.444804113,656.431068,0.289951663,,,,,,,,,,,,,
6/14/2017,,36,21,,,,,,,3.847253991,550.0526068,0.320948513,,,,,,,,,,,,,
6/14/2017,10T,0,22,22,7.25,29.8,4.920872923,16.87742113,24.21494234,2.695927977,510.079682,0.249585451,4537.164906,18013.1709,-24.35555641,39334.14226,156161.9736,-492.6743597,39.33414226,156.1619736,-0.49267436,944.0194142,3747.887368,3.747887368,-11.82418463
6/14/2017,,12,22,,,,,,,,581.5598813,0.146314261,,,,,,,,,,,,,
6/14/2017,,24,22,,,,,,,65.16884524,756.4685175,-0.054267184,,,,,,,,,,,,,
6/14/2017,,36,22,,,,,,,119.4116751,952.1426615,-0.360097301,,,,,,,,,,,,,
6/14/2017,11T,0,21,21,7.25,29.8,4.920872923,16.87742113,24.13289951,3.565782657,400.0067144,0.231167697,-46.60353352,4898.607847,6.533365548,-405.3945456,42611.98138,132.6089383,-0.405394546,42.61198138,0.132608938,-9.729469095,1022.687553,1.022687553,3.18261452
6/14/2017,,12,21,,,,,,,2.411614865,427.3569032,0.286512664,,,,,,,,,,,,,
6/14/2017,,24,21,,,,,,,2.368446906,477.5031506,0.332625827,,,,,,,,,,,,,
6/14/2017,,36,21,,,,,,,2.285629379,519.3637388,0.397279019,,,,,,,,,,,,,
6/14/2017,12T,0,21,21,7.25,29.8,4.920872923,16.87742113,24.13289951,2.299296977,400.687275,0.233903613,7.324827514,3977.286294,2.886375252,63.71716687,34597.59482,58.5852965,0.063717167,34.59759482,0.058585296,1.529212005,830.3422758,0.830342276,1.406047116
6/14/2017,,12,21,,,,,,,,416.5855341,0.261476747,,,,,,,,,,,,,
6/14/2017,,24,21,,,,,,,2.456677343,465.7306012,0.287918832,,,,,,,,,,,,,
6/14/2017,,36,21,,,,,,,2.473592688,494.7857608,0.305266675,,,,,,,,,,,,,
6/14/2017,13T,0,23,23.75,7.25,29.8,4.920872923,16.87742113,24.3585173,,448.6452024,0.25398737,7.2749514,3945.654564,1.679699088,62.69715094,34004.52953,33.77738169,0.062697151,34.00452953,0.033777382,1.504731622,816.1087088,0.816108709,0.810657161
6/14/2017,,12,24,,,,,,,2.358974313,503.874905,0.256448165,,,,,,,,,,,,,
6/14/2017,,24,24,,,,,,,2.423793914,525.5473429,0.276195665,,,,,,,,,,,,,
6/14/2017,,36,24,,,,,,,2.480223503,551.0225721,0.294063178,,,,,,,,,,,,,
6/14/2017,14T,0,25,25,7.25,29.8,4.920872923,16.87742113,24.46107084,2.504310954,393.9499063,0.216036099,16.43359554,-2747.470056,2.881973364,141.0346054,-23579.03687,57.71116504,0.141034605,-23.57903687,0.057711165,3.384830529,-565.8968849,-0.565896885,1.385067961
6/14/2017,,12,25,,,,,,,2.699852337,374.977691,0.251251455,,,,,,,,,,,,,
6/14/2017,,24,25,,,,,,,2.778204213,364.9551201,0.270861395,,,,,,,,,,,,,
6/14/2017,,36,25,,,,,,,,320.9721506,0.289554268,,,,,,,,,,,,,
6/14/2017,15T,0,25,25,7.25,29.8,4.920872923,16.87742113,24.46107084,,460.457678,0.243227123,-6.34122438,2104.263369,2.11952418,-54.42096198,18058.97883,42.44321314,-0.054420962,18.05897883,0.042443213,-1.306103088,433.4154919,0.433415492,1.018637115
6/14/2017,,12,25,,,,,,,2.482118022,485.4556074,0.252703477,,,,,,,,,,,,,
6/14/2017,,24,25,,,,,,,2.436920221,,0.280353033,,,,,,,,,,,,,
6/14/2017,,36,25,,,,,,,2.376430949,514.5567425,0.292886276,,,,,,,,,,,,,
7/26/2017,01W,0,30,30,7.25,29.8,4.920872923,16.87742113,24.87128501,5.572183589,417.9035483,0.469304357,6139.830973,15826.05578,-6.47946114,51823.50115,133580.4884,-127.6103823,51.82350115,133.5804884,-0.127610382,1243.764028,3205.931722,3.205931722,-3.062649175
7/26/2017,,12,30,,,,,,,41.46955112,548.0236663,0.308335448,,,,,,,,,,,,,
7/26/2017,,24,30,,,,,,,116.5056875,693.3473253,0.294913257,,,,,,,,,,,,,
7/26/2017,,36,30,,,,,,,151.1109985,809.0749893,0.293793389,,,,,,,,,,,,,
7/26/2017,02W,0,28,28,7.25,29.8,4.920872923,16.87742113,24.70719934,8.202497813,380.04786,0.268166256,22799.29168,18016.89603,4.735165251,193716.4023,153082.3119,93.87651637,193.7164023,153.0823119,0.093876516,4649.193654,3673.975485,3.673975485,2.253036393
7/26/2017,,12,28,,,,,,,207.7854213,614.0169869,0.29303058,,,,,,,,,,,,,
7/26/2017,,24,28,,,,,,,408.674037,707.0520564,,,,,,,,,,,,,,
7/26/2017,,36,28,,,,,,,574.5532837,849.5055044,0.38362631,,,,,,,,,,,,,
7/26/2017,03W,0,28,28,7.25,29.8,4.920872923,16.87742113,24.70719934,3.072235928,365.5291867,0.260229797,18318.22382,13872.57205,1.307533311,155642.5728,117869.6595,25.92236296,155.6425728,117.8696595,0.025922363,3735.421747,2828.871829,2.828871829,0.622136711
7/26/2017,,12,28,,,,,,,477.7341923,,,,,,,,,,,,,,,
7/26/2017,,24,28,,,,,,,482.5091923,574.0938473,0.289232766,,,,,,,,,,,,,
7/26/2017,,36,28,,,,,,,510.3201199,718.0047064,0.291115443,,,,,,,,,,,,,
7/26/2017,04W,0,25,25,7.25,29.8,4.920872923,16.87742113,24.46107084,3.324399142,359.4565021,0.251043631,22917.69797,17540.36654,1.414233789,196681.7598,150533.0143,28.31985909,196.6817598,150.5330143,0.028319859,4720.362235,3612.792344,3.612792344,0.679676618
7/26/2017,,12,25,,,,,,,141.3715786,573.8324865,,,,,,,,,,,,,,
7/26/2017,,24,25,,,,,,,411.6765195,696.3591018,0.282951765,,,,,,,,,,,,,
7/26/2017,,36,25,,,,,,,549.8254737,805.8467008,0.284315083,,,,,,,,,,,,,
7/26/2017,05W,0,28,28.5,7.25,29.8,4.920872923,16.87742113,24.74822076,2.93888288,380.8979668,0.267922806,7687.411551,14605.04683,0.93095148,65208.57501,123887.5121,18.42588727,65.20857501,123.8875121,0.018425887,1565.0058,2973.30029,2.97330029,0.442221294
7/26/2017,,12,28,,,,,,,98.71090957,538.2107971,0.285808241,,,,,,,,,,,,,
7/26/2017,,24,29,,,,,,,150.2911382,640.7854786,0.288989316,,,,,,,,,,,,,
7/26/2017,,36,29,,,,,,,199.2846831,752.4021515,0.292722211,,,,,,,,,,,,,
7/26/2017,06T,0,28,27.75,7.25,29.8,4.920872923,16.87742113,24.68668863,2.383007123,474.6603737,0.254533076,10.97728018,5179.657041,1.323392297,93.34702231,44046.02536,26.25857218,0.093347022,44.04602536,0.026258572,2.240328536,1057.104609,1.057104609,0.630205732
7/26/2017,,12,27,,,,,,,2.607253195,,0.263005123,,,,,,,,,,,,,
7/26/2017,,24,28,,,,,,,,552.2752711,,,,,,,,,,,,,,
7/26/2017,,36,28,,,,,,,2.683992875,606.3299797,0.287106639,,,,,,,,,,,,,
7/26/2017,07T,0,28,28,7.25,29.8,4.920872923,16.87742113,24.70719934,,,0.267711817,5.97556698,-6216.82206,-0.203245706,50.77198682,-52821.83411,-4.029426178,0.050771987,-52.82183411,-0.004029426,1.218527684,-1267.724019,-1.267724019,-0.096706228
7/26/2017,,12,28,,,,,,,2.32756238,432.6898875,0.268052646,,,,,,,,,,,,,
7/26/2017,,24,28,,,,,,,2.377034153,428.596265,,,,,,,,,,,,,,
7/26/2017,,36,28,,,,,,,2.427155163,329.0761865,0.263037583,,,,,,,,,,,,,
7/26/2017,08T,0,28,28,7.25,29.8,4.920872923,16.87742113,24.70719934,2.805399984,,0.853987263,-33.08765718,-2158.400568,-19.37580985,-281.1325017,-18339.06064,-384.1330627,-0.281132502,-18.33906064,-0.384133063,-6.747180042,-440.1374553,-0.440137455,-9.219193505
7/26/2017,,12,28,,,,,,,2.41533907,437.6894103,0.326594172,,,,,,,,,,,,,
7/26/2017,,24,28,,,,,,,2.253939031,420.933764,,,,,,,,,,,,,,
7/26/2017,,36,28,,,,,,,,401.7160675,0.296406415,,,,,,,,,,,,,
7/26/2017,09T,0,26,26,7.25,29.8,4.920872923,16.87742113,24.54311367,2.099031352,475.941601,0.269886633,33.95399746,-1041.094656,0.368513229,290.4222007,-8904.901449,7.354764446,0.290422201,-8.904901449,0.007354764,6.970132817,-213.7176348,-0.213717635,0.176514347
7/26/2017,,12,26,,,,,,,2.466498857,475.5564001,,,,,,,,,,,,,,
7/26/2017,,24,26,,,,,,,2.685680888,469.3348933,0.278472291,,,,,,,,,,,,,
7/26/2017,,36,26,,,,,,,2.969137271,449.0961406,0.278488521,,,,,,,,,,,,,
7/26/2017,10T,0,25,25,7.25,29.8,4.920872923,16.87742113,24.46107084,2.167980201,433.4417312,0.262307234,88.03015201,9310.311606,1.778295377,755.4827379,79901.93748,35.61014799,0.755482738,79.90193748,0.035610148,18.13158571,1917.6465,1.9176465,0.854643552
7/26/2017,,12,25,,,,,,,3.848462341,454.2870743,,,,,,,,,,,,,,
7/26/2017,,24,25,,,,,,,4.120751867,565.5980133,0.290466244,,,,,,,,,,,,,
7/26/2017,,36,25,,,,,,,4.522499026,654.9578517,0.30713443,,,,,,,,,,,,,
7/26/2017,11T,0,25,25,7.25,29.8,4.920872923,16.87742113,24.46107084,2.430661037,428.8165837,0.269107595,-8.518716703,4111.102416,1.920720348,-73.10839832,35281.8533,38.46219066,-0.073108398,35.2818533,0.038462191,-1.75460156,846.7644791,0.846764479,0.923092576
7/26/2017,,12,25,,,,,,,2.359764479,432.2749459,0.2864899,,,,,,,,,,,,,
7/26/2017,,24,25,,,,,,,,478.8447647,0.298435162,,,,,,,,,,,,,
7/26/2017,,36,25,,,,,,,2.217711669,527.4906001,0.318479184,,,,,,,,,,,,,
7/26/2017,12T,0,25,25,7.25,29.8,4.920872923,16.87742113,24.46107084,,379.3537131,0.268182486,-8.9750367,15374.77539,6.80042514,-77.02457787,131947.715,136.1776838,-0.077024578,131.947715,0.136177684,-1.848589869,3166.745159,3.166745159,3.268264412
7/26/2017,,12,25,,,,,,,2.3311981,471.8831915,0.325880053,,,,,,,,,,,,,
7/26/2017,,24,25,,,,,,,2.203818022,635.7200505,0.381289193,,,,,,,,,,,,,
7/26/2017,,36,25,,,,,,,2.181614155,751.8185209,0.438613471,,,,,,,,,,,,,
7/26/2017,13T,0,25,25,7.25,29.8,4.920872923,16.87742113,24.46107084,2.170836839,438.8880776,0.282903075,10.58773866,6128.842068,1.450765164,90.86493216,52598.27775,29.05139543,0.090864932,52.59827775,0.029051395,2.180758372,1262.358666,1.262358666,0.69723349
7/26/2017,,12,25,,,,,,,2.316265675,473.832037,0.296309035,,,,,,,,,,,,,
7/26/2017,,24,25,,,,,,,2.408976558,543.0329467,0.310477805,,,,,,,,,,,,,
7/26/2017,,36,25,,,,,,,2.434037063,586.0667207,0.318479184,,,,,,,,,,,,,
7/26/2017,14T,0,25,25,7.25,29.8,4.920872923,16.87742113,24.46107084,2.358466007,414.397839,0.274268727,20.3106951,6123.097603,1.338973097,174.308225,52548.97823,26.81277293,0.174308225,52.54897823,0.026812773,4.1833974,1261.175477,1.261175477,0.64350655
7/26/2017,,12,25,,,,,,,2.57115568,456.2963528,,,,,,,,,,,,,,
7/26/2017,,24,25,,,,,,,2.696977592,523.6730898,0.284347543,,,,,,,,,,,,,
7/26/2017,,36,25,,,,,,,,562.0249712,0.310802405,,,,,,,,,,,,,
7/26/2017,15T,0,25,25,7.25,29.8,4.920872923,16.87742113,24.46107084,2.215634115,413.2611512,0.273651988,21.46373802,5853.921371,2.107494948,184.2037438,50238.88342,42.20232924,0.184203744,50.23888342,0.042202329,4.42088985,1205.733202,1.205733202,1.012855902
7/26/2017,,12,25,,,,,,,2.365737449,437.7745876,0.281393687,,,,,,,,,,,,,
7/26/2017,,24,25,,,,,,,2.573363082,522.6139656,0.31411332,,,,,,,,,,,,,
7/26/2017,,36,25,,,,,,,,547.5902855,0.32128697,,,,,,,,,,,,,
8/18/2017,01W,0,30,30,7.25,29.8,4.920872923,16.87742113,24.87128501,4.599535241,483.2451746,1.279231393,8593.470461,10617.41354,-34.26742992,72533.54828,89616.72485,-674.8832561,72.53354828,89.61672485,-0.674883256,1740.805159,2150.801396,2.150801396,-16.19719815
8/18/2017,,12,30,,,,,,,70.6994338,625.5640982,0.398040575,,,,,,,,,,,,,
8/18/2017,,24,30,,,,,,,188.3663921,683.0923663,0.342789532,,,,,,,,,,,,,
8/18/2017,,36,30,,,,,,,204.0847286,758.9972392,0.345775354,,,,,,,,,,,,,
8/18/2017,02W,0,26,25.25,7.25,29.8,4.920872923,16.87742113,24.48158155,7.024704143,446.6559568,0.285245804,40947.05675,19410.40074,0.362297554,351116.9368,166442.2547,7.248886106,351.1169368,166.4422547,0.007248886,8426.806484,3994.614114,3.994614114,0.173973267
8/18/2017,,12,25,,,,,,,,,,,,,,,,,,,,,,
8/18/2017,,24,25,,,,,,,575.1939937,750.5408715,0.281766788,,,,,,,,,,,,,
8/18/2017,,36,25,,,,,,,1059.271537,936.8214164,0.29668257,,,,,,,,,,,,,
8/18/2017,03W,0,26,26,7.25,29.8,4.920872923,16.87742113,24.54311367,14.74568172,459.2359564,,9615.447412,8426.289084,-0.4038858,82244.79023,72073.44062,-8.06072806,82.24479023,72.07344062,-0.008060728,1973.874965,1729.762575,1.729762575,-0.193457473
8/18/2017,,12,26,,,,,,,88.74310033,557.8235,0.292283814,,,,,,,,,,,,,
8/18/2017,,24,26,,,,,,,204.2011815,625.6385755,0.288538206,,,,,,,,,,,,,
8/18/2017,,36,26,,,,,,,243.3554161,670.6945169,0.285552384,,,,,,,,,,,,,
8/18/2017,04W,0,26,27.5,7.25,29.8,4.920872923,16.87742113,24.66617792,107.388824,,0.309745543,35594.30729,19167.15112,-0.510941237,302933.4596,163126.4053,-10.14645748,302.9334596,163.1264053,-0.010146457,7270.40303,3915.033728,3.915033728,-0.24351498
8/18/2017,,12,28,,,,,,,353.419555,730.7738814,0.289977799,,,,,,,,,,,,,
8/18/2017,,24,28,,,,,,,600.3346059,932.3387329,,,,,,,,,,,,,,
8/18/2017,,36,28,,,,,,,1013.814565,1050.2264,0.293870032,,,,,,,,,,,,,
8/18/2017,05W,0,29,29,7.25,29.8,4.920872923,16.87742113,24.78924217,45.58099239,537.6334788,0.322142037,30467.61502,14261.62371,-1.584694749,258014.2949,120774.2314,-31.31321882,258.0142949,120.7742314,-0.031313219,6192.343079,2898.581553,2.898581553,-0.751517252
8/18/2017,,12,29,,,,,,,55.26443297,784.7001426,,,,,,,,,,,,,,
8/18/2017,,24,29,,,,,,,676.0142951,847.4313252,0.291510699,,,,,,,,,,,,,
8/18/2017,,36,29,,,,,,,684.9870111,912.8792987,0.283579608,,,,,,,,,,,,,
8/18/2017,06T,0,25,25.75,7.25,29.8,4.920872923,16.87742113,24.52260297,3.547422784,685.5445852,0.277607964,-41.01934314,18256.96337,2.4997731,-351.1484,156289.7644,49.9320467,-0.3511484,156.2897644,0.049932047,-8.4275616,3750.954346,3.750954346,1.198369121
8/18/2017,,12,26,,,,,,,3.02664575,776.6946109,0.297628969,,,,,,,,,,,,,
8/18/2017,,24,26,,,,,,,2.863767065,931.3664137,0.303280704,,,,,,,,,,,,,
8/18/2017,,36,26,,,,,,,,1141.125189,0.345162194,,,,,,,,,,,,,
8/18/2017,07T,0,28,28,7.25,29.8,4.920872923,16.87742113,24.70719934,2.977269752,,0.316050426,-20.23484292,-10871.73102,-0.142359729,-171.9273136,-92372.72144,-2.822337697,-0.171927314,-92.37272144,-0.002822338,-4.126255526,-2216.945315,-2.216945315,-0.067736105
8/18/2017,,12,28,,,,,,,2.828054865,1227.332616,0.318663021,,,,,,,,,,,,,
8/18/2017,,24,28,,,,,,,2.64002237,1117.628233,,,,,,,,,,,,,,
8/18/2017,,36,28,,,,,,,,1046.137099,0.313251218,,,,,,,,,,,,,
8/18/2017,08T,0,26,26,7.25,29.8,4.920872923,16.87742113,24.54311367,,760.331589,0.26242559,8.01195438,8539.322676,14.67233098,68.5294692,73040.26241,292.829483,0.068529469,73.04026241,0.292829483,1.644707261,1752.966298,1.752966298,7.027907592
8/18/2017,,12,26,,,,,,,2.588317316,875.0519132,0.403732299,,,,,,,,,,,,,
8/18/2017,,24,26,,,,,,,2.612073692,902.6536336,0.524578126,,,,,,,,,,,,,
8/18/2017,,36,26,,,,,,,2.721849889,,0.629708397,,,,,,,,,,,,,
8/18/2017,09T,0,26,26,7.25,29.8,4.920872923,16.87742113,24.54311367,4.914578951,520.1813858,0.286792033,214.8814147,-3105.311493,2.308147308,1837.967191,-26560.97853,46.06586261,1.837967191,-26.56097853,0.046065863,44.11121259,-637.4634848,-0.637463485,1.105580703
8/18/2017,,12,26,,,,,,,,488.2848066,0.326714078,,,,,,,,,,,,,
8/18/2017,,24,26,,,,,,,7.533835894,,0.327633818,,,,,,,,,,,,,
8/18/2017,,36,26,,,,,,,10.52713931,441.3448018,0.350600656,,,,,,,,,,,,,
8/18/2017,10T,0,25,25,7.25,29.8,4.920872923,16.87742113,24.46107084,2.680547953,,0.287365205,3033.246008,-6224.661198,2.849754144,26031.59197,-53420.6062,57.06597909,26.03159197,-53.4206062,0.057065979,624.7582074,-1282.094549,-1.282094549,1.369583498
8/18/2017,,12,25,,,,,,,54.54393735,528.4818476,0.303840546,,,,,,,,,,,,,
8/18/2017,,24,25,,,,,,,65.70221016,523.3153914,0.334218622,,,,,,,,,,,,,
8/18/2017,,36,25,,,,,,,83.21795723,424.7374943,0.356399017,,,,,,,,,,,,,
8/18/2017,11T,0,25,25,7.25,29.8,4.920872923,16.87742113,24.46107084,2.388484268,488.3980121,0.290950857,8.833645488,6906.985802,2.622938292,75.81114568,59276.37775,52.52401932,0.075811146,59.27637775,0.052524019,1.819467496,1422.633066,1.422633066,1.260576464
8/18/2017,,12,25,,,,,,,2.706167575,577.3996863,0.311984909,,,,,,,,,,,,,
8/18/2017,,24,25,,,,,,,2.677908356,627.3106978,0.341976428,,,,,,,,,,,,,
8/18/2017,,36,25,,,,,,,2.643283049,663.621725,0.353813081,,,,,,,,,,,,,
8/18/2017,12T,0,26,26,7.25,29.8,4.920872923,16.87742113,24.54311367,2.877275593,482.1219147,0.289551253,-7.065691997,-9017.593039,1.934195897,-60.43570634,-77131.10125,38.60256325,-0.060435706,-77.13110125,0.038602563,-1.450456952,-1851.14643,-1.85114643,0.926461518
8/18/2017,,12,26,,,,,,,2.774641836,325.1166311,0.302960795,,,,,,,,,,,,,
8/18/2017,,24,26,,,,,,,,270.6629287,,,,,,,,,,,,,,
8/18/2017,,36,26,,,,,,,2.691882695,249.7844533,0.337364399,,,,,,,,,,,,,
8/18/2017,13T,0,26,25.25,7.25,29.8,4.920872923,16.87742113,24.48158155,3.70005362,644.1486721,1.161744616,-31.80027207,4976.547288,-31.04130221,-272.6841684,42673.39776,-621.0775139,-0.272684168,42.67339776,-0.621077514,-6.544420041,1024.161546,1.024161546,-14.90586033
8/18/2017,,12,25,,,,,,,,656.7716558,0.569552075,,,,,,,,,,,,,
8/18/2017,,24,25,,,,,,,3.082387835,743.8773502,0.404532072,,,,,,,,,,,,,
8/18/2017,,36,25,,,,,,,2.926962131,753.3508653,0.354492889,,,,,,,,,,,,,
8/18/2017,14T,0,25,25,7.25,29.8,4.920872923,16.87742113,24.46107084,3.208156887,468.6551385,0.312824672,99.59045604,-9657.878389,2.145313344,854.6943141,-82884.7871,42.959638,0.854694314,-82.8847871,0.042959638,20.51266354,-1989.23489,-1.98923489,1.031031312
8/18/2017,,12,25,,,,,,,4.872345393,380.3715676,0.350747282,,,,,,,,,,,,,
8/18/2017,,24,25,,,,,,,4.867997821,280.7328298,0.365609745,,,,,,,,,,,,,
8/18/2017,,36,25,,,,,,,,233.5936514,0.367462555,,,,,,,,,,,,,
8/18/2017,15T,0,25,25,7.25,29.8,4.920872923,16.87742113,24.46107084,2.656636307,501.5129717,0.30830595,15.6978408,-6175.412538,1.82748318,134.7202916,-52997.94974,36.59512774,0.134720292,-52.99794974,0.036595128,3.233286998,-1271.950794,-1.271950794,0.878283066
8/18/2017,,12,25,,,,,,,2.774176025,438.1414259,0.318369771,,,,,,,,,,,,,
8/18/2017,,24,25,,,,,,,2.918266987,398.5894294,0.338764003,,,,,,,,,,,,,
8/18/2017,,36,25,,,,,,,,,,,,,,,,,,,,,,
9/18/2017,01W,0,23,23,7.25,29.8,4.920872923,16.87742113,24.29698517,2.71849447,441.2826153,0.336501225,17487.42209,9864.617783,1.503506699,151092.1715,85230.77414,30.31086451,151.0921715,85.23077414,0.030310865,3626.212117,2045.538579,2.045538579,0.727460748
9/18/2017,,12,23,,,,,,,174.6053711,617.6026758,0.369004316,,,,,,,,,,,,,
9/18/2017,,24,23,,,,,,,,694.1304444,0.377466909,,,,,,,,,,,,,
9/18/2017,,5,23,,,,,,,311.9431226,738.5285073,0.390041507,,,,,,,,,,,,,
9/18/2017,02W,0,23,23,7.25,29.8,4.920872923,16.87742113,24.29698517,26.30574871,468.0155799,0.28572567,25387.41507,15259.2475,-1.66052064,219348.4925,131840.6355,-33.47628325,219.3484925,131.8406355,-0.033476283,5264.36382,3164.175251,3.164175251,-0.803430798
9/18/2017,,12,23,,,,,,,117.3952384,601.0468566,0.260197551,,,,,,,,,,,,,
9/18/2017,,24,23,,,,,,,341.3800611,727.9294228,0.258050326,,,,,,,,,,,,,
9/18/2017,,36,23,,,,,,,656.8501154,849.5893773,,,,,,,,,,,,,,
9/18/2017,03W,0,22,22,7.25,29.8,4.920872923,16.87742113,24.21494234,13.99076709,510.0729643,0.265586665,4858.450361,5355.11728,0.082641086,42119.46922,46425.23454,1.671698371,42.11946922,46.42523454,0.001671698,1010.867261,1114.205629,1.114205629,0.040120761
9/18/2017,,12,22,,,,,,,,,,,,,,,,,,,,,,
9/18/2017,,24,22,,,,,,,116.8398574,594.7546102,0.265067401,,,,,,,,,,,,,
9/18/2017,,36,22,,,,,,,129.9832967,645.0934735,0.268126846,,,,,,,,,,,,,
9/18/2017,04W,0,24,24,7.25,29.8,4.920872923,16.87742113,24.37902801,6.57139636,476.258689,0.274063291,63959.05726,18259.42871,1.60326132,550749.6458,157231.4278,32.2131558,550.7496458,157.2314278,0.032213156,13217.9915,3773.554268,3.773554268,0.773115739
9/18/2017,,12,24,,,,,,,448.8438686,670.9385814,0.297275776,,,,,,,,,,,,,
9/18/2017,,24,24,,,,,,,1072.555684,876.2981218,0.300784313,,,,,,,,,,,,,
9/18/2017,,36,24,,,,,,,,915.011862,,,,,,,,,,,,,,
9/18/2017,05W,0,22,22,7.25,29.8,4.920872923,16.87742113,24.21494234,91.74797672,,0.862950259,-2584.684157,3965.189826,-22.25653391,-22407.4585,34375.50627,-450.2144564,-22.4074585,34.37550627,-0.450214456,-537.779004,825.0121505,0.825012151,-10.80514695
9/18/2017,,12,22,,,,,,,49.01190215,571.1343069,0.315674546,,,,,,,,,,,,,
9/18/2017,,24,22,,,,,,,48.66990743,590.1302343,0.266779568,,,,,,,,,,,,,
9/18/2017,,36,22,,,,,,,,637.220804,0.261011532,,,,,,,,,,,,,
9/18/2017,06T,0,24,24,7.25,29.8,4.920872923,16.87742113,24.37902801,3.219519608,645.8355,0.293247975,-35.52139497,6496.338146,2.268840883,-305.8737345,55939.78533,45.58615862,-0.305873735,55.93978533,0.045586159,-7.340969629,1342.554848,1.342554848,1.094067807
9/18/2017,,12,24,,,,,,,,,0.324740607,,,,,,,,,,,,,
9/18/2017,,24,24,,,,,,,2.448589705,810.9174486,,,,,,,,,,,,,,
9/18/2017,,36,24,,,,,,,2.376211397,794.0415421,0.352486122,,,,,,,,,,,,,
9/18/2017,07T,0,21,21,7.25,29.8,4.920872923,16.87742113,24.13289951,2.327478592,,0.273979087,5.403038631,7343.19339,4.162416588,46.99992094,63876.92784,84.48534534,0.046999921,63.87692784,0.084485345,1.127998103,1533.046268,1.533046268,2.027648288
9/18/2017,,12,21,,,,,,,,853.5958866,0.325400212,,,,,,,,,,,,,
9/18/2017,,24,21,,,,,,,2.428981239,879.2552647,0.355952557,,,,,,,,,,,,,
9/18/2017,,36,21,,,,,,,2.459691557,975.9824431,0.379417655,,,,,,,,,,,,,
9/18/2017,08T,0,25,25,7.25,29.8,4.920872923,16.87742113,24.46107084,2.49688997,635.555738,0.292462062,2.11944444,-6991.966199,3.892287288,18.18926415,-60005.68721,77.94257811,0.018189264,-60.00568721,0.077942578,0.43654234,-1440.136493,-1.440136493,1.870621875
9/18/2017,,12,25,,,,,,,2.483481239,575.0028893,0.329428013,,,,,,,,,,,,,
9/18/2017,,24,25,,,,,,,2.532214044,520.8800864,0.371867283,,,,,,,,,,,,,
9/18/2017,,36,25,,,,,,,,459.375389,0.38643473,,,,,,,,,,,,,
9/18/2017,09T,0,21,21,7.25,29.8,4.920872923,16.87742113,24.13289951,3.427571198,652.9681827,0.97553221,41.0583973,4457.353345,-37.1385711,357.158547,38773.59929,-753.8085001,0.357158547,38.77359929,-0.7538085,8.571805128,930.5663829,0.930566383,-18.091404
9/18/2017,,12,21,,,,,,,3.600587073,762.4050334,0.375095137,,,,,,,,,,,,,
9/18/2017,,24,21,,,,,,,4.123671735,778.1327812,0.356556025,,,,,,,,,,,,,
9/18/2017,,36,21,,,,,,,4.39372068,771.5409708,,,,,,,,,,,,,,
9/18/2017,10T,0,22,22,7.25,29.8,4.920872923,16.87742113,24.21494234,2.382411132,,0.270610891,325.6781627,-4159.483212,1.29726066,2823.408768,-36059.89814,26.24153003,2.823408768,-36.05989814,0.02624153,67.76181044,-865.4375554,-0.865437555,0.629796721
9/18/2017,,12,22,,,,,,,8.626842422,610.4244848,0.288560568,,,,,,,,,,,,,
9/18/2017,,24,22,,,,,,,9.908601696,587.4613102,0.301008859,,,,,,,,,,,,,
9/18/2017,,36,22,,,,,,,11.00177367,541.0997646,0.302496479,,,,,,,,,,,,,
9/18/2017,11T,0,22,22,7.25,29.8,4.920872923,16.87742113,24.21494234,,485.0291583,0.271677486,4.94825406,-1726.137271,0.665387124,42.89800639,-14964.43933,13.45972844,0.042898006,-14.96443933,0.013459728,1.029552153,-359.146544,-0.359146544,0.323033482
9/18/2017,,12,22,,,,,,,2.397838381,484.9182559,0.275691253,,,,,,,,,,,,,
9/18/2017,,24,22,,,,,,,2.450464043,483.5662662,0.283185489,,,,,,,,,,,,,
9/18/2017,,36,22,,,,,,,2.480309282,437.531564,0.287662383,,,,,,,,,,,,,
9/18/2017,12T,0,22,22,7.25,29.8,4.920872923,16.87742113,24.21494234,2.298354253,469.3279252,0.263116654,7.633707591,-7394.418078,1.157312172,66.17906701,-64104.58923,23.41059361,0.066179067,-64.10458923,0.023410594,1.588297608,-1538.510142,-1.538510142,0.561854247
9/18/2017,,12,22,,,,,,,,391.0705887,0.273431755,,,,,,,,,,,,,
9/18/2017,,24,22,,,,,,,2.433450816,362.9329876,0.288111476,,,,,,,,,,,,,
9/18/2017,,36,22,,,,,,,2.487229917,273.3066234,0.290370974,,,,,,,,,,,,,
9/18/2017,13T,0,20,20,7.25,29.8,4.920872923,16.87742113,24.05085667,3.100715374,615.8917191,1.056565392,-44.30071482,-7220.033578,-27.74601974,-386.6773582,-63019.82984,-565.0872197,-0.386677358,-63.01982984,-0.56508722,-9.280256596,-1512.475916,-1.512475916,-13.56209327
9/18/2017,,12,20,,,,,,,2.419753725,472.1375806,0.378308958,,,,,,,,,,,,,
9/18/2017,,24,20,,,,,,,2.362370127,440.8602938,0.314748292,,,,,,,,,,,,,
9/18/2017,,36,20,,,,,,,,425.7609931,0.30702951,,,,,,,,,,,,,
9/18/2017,14T,0,22,22,7.25,29.8,4.920872923,16.87742113,24.21494234,3.452658499,554.8163543,0.28234344,388.4483219,-12052.42372,2.054936388,3367.583473,-104486.3387,41.56811086,3.367583473,-104.4863387,0.041568111,80.82200336,-2507.67213,-2.50767213,0.997634661
9/18/2017,,12,22,,,,,,,14.64938085,432.381995,0.315267556,,,,,,,,,,,,,
9/18/2017,,24,22,,,,,,,13.9792327,331.8175929,0.317302508,,,,,,,,,,,,,
9/18/2017,,36,22,,,,,,,14.46627238,253.5482738,0.338746689,,,,,,,,,,,,,
9/18/2017,15T,0,22,22,7.25,29.8,4.920872923,16.87742113,24.21494234,2.949038123,477.3571329,0.278512117,-33.98896866,2065.067302,-0.051485289,-294.6613042,17902.73281,-1.041465904,-0.294661304,17.90273281,-0.001041466,-7.0718713,429.6655873,0.429665587,-0.024995182
9/18/2017,,12,22,,,,,,,2.467188911,506.5540433,0.279466439,,,,,,,,,,,,,
9/18/2017,,24,22,,,,,,,2.382555312,518.7140474,,,,,,,,,,,,,,
9/18/2017,,36,22,,,,,,,,530.6667788,0.277501658,,,,,,,,,,,,,
10/18/2017,01W,0,21,21,7.25,29.8,4.920872923,16.87742113,24.13289951,3.665877563,394.861254,1.277233518,2366.650883,8634.143597,-59.25284994,20587.00891,75106.63798,-1202.66614,20.58700891,75.10663798,-1.20266614,494.0882137,1802.559311,1.802559311,-28.86398735
10/18/2017,,12,21,,,,,,,47.37501949,454.3969557,0.358697099,,,,,,,,,,,,,
10/18/2017,,24,21,,,,,,,54.68785441,520.7924737,0.289686019,,,,,,,,,,,,,
10/18/2017,,36,21,,,,,,,66.96856824,612.5667368,,,,,,,,,,,,,,
10/18/2017,02W,0,21,21,7.25,29.8,4.920872923,16.87742113,24.13289951,2.489196659,418.3416881,0.253941973,2131.749106,5984.121301,-0.79894926,18543.64669,52054.63948,-16.21642205,18.54364669,52.05463948,-0.016216422,445.0475205,1249.311348,1.249311348,-0.389194129
10/18/2017,,12,21,,,,,,,36.1222911,445.8638895,0.244934653,,,,,,,,,,,,,
10/18/2017,,24,21,,,,,,,40.67425173,504.9058743,0.240626152,,,,,,,,,,,,,
10/18/2017,,36,21,,,,,,,60.18712938,564.8866182,,,,,,,,,,,,,,
10/18/2017,03W,0,23,23,7.25,29.8,4.920872923,16.87742113,24.29698517,2.284855849,360.9789783,,4116.46773,9451.041118,2.22030426,35566.48002,81657.45177,44.76158412,35.56648002,81.65745177,0.044761584,853.5955205,1959.778842,1.959778842,1.074278019
10/18/2017,,12,23,,,,,,,48.41343537,420.7819179,0.228331161,,,,,,,,,,,,,
10/18/2017,,24,23,,,,,,,97.61050458,492.2333371,0.237698773,,,,,,,,,,,,,
10/18/2017,,36,23,,,,,,,100.2321586,599.6907585,0.265336232,,,,,,,,,,,,,
10/18/2017,04W,0,23,23,7.25,29.8,4.920872923,16.87742113,24.29698517,3.807084468,355.2562819,,39159.56383,5861.786945,-0.73589802,338340.523,50646.12235,-14.83578702,338.340523,50.64612235,-0.014835787,8120.172552,1215.506936,1.215506936,-0.356058889
10/18/2017,,13,23,,,,,,,621.172952,439.2033792,0.253521631,,,,,,,,,,,,,
10/18/2017,,25,23,,,,,,,739.8403362,478.7145463,0.247997142,,,,,,,,,,,,,
10/18/2017,,37,23,,,,,,,1073.879004,508.219176,0.241256664,,,,,,,,,,,,,
10/18/2017,05W,0,21,21,7.25,29.8,4.920872923,16.87742113,24.13289951,4.134055746,380.9984328,0.801211694,41770.99153,13454.79874,-20.65936817,363357.2575,117040.5248,-419.3270465,363.3572575,117.0405248,-0.419327047,8720.574181,2808.972596,2.808972596,-10.06384912
10/18/2017,,12,21,,,,,,,725.0718182,586.2166255,0.295090411,,,,,,,,,,,,,
10/18/2017,,24,21,,,,,,,891.857178,671.8131079,0.258926023,,,,,,,,,,,,,
10/18/2017,,36,21,,,,,,,1108.844256,726.2106814,0.239395152,,,,,,,,,,,,,
10/18/2017,06T,0,21,21,7.25,29.8,4.920872923,16.87742113,24.13289951,,456.0957243,0.295570801,7.44356544,23711.24686,5.971492548,64.75004365,206259.2559,121.2044973,0.064750044,206.2592559,0.121204497,1.554001048,4950.222142,4.950222142,2.908907935
10/18/2017,,12,21,,,,,,,2.309407923,729.9765864,0.372613407,,,,,,,,,,,,,
10/18/2017,,24,21,,,,,,,2.343313169,876.7316917,0.40676616,,,,,,,,,,,,,
10/18/2017,,36,21,,,,,,,2.433467347,1065.823102,0.450061343,,,,,,,,,,,,,
10/18/2017,07T,0,24,24,7.25,29.8,4.920872923,16.87742113,24.37902801,2.019719425,633.7248471,0.279672882,16.30569522,8269.516192,1.691034156,140.4078836,71208.57169,33.97671113,0.140407884,71.20857169,0.033976711,3.369789207,1709.00572,1.70900572,0.815441067
10/18/2017,,12,24,,,,,,,2.186777456,740.5509159,0.298918522,,,,,,,,,,,,,
10/18/2017,,24,24,,,,,,,2.291481012,805.9577007,0.318419368,,,,,,,,,,,,,
10/18/2017,,36,24,,,,,,,,841.6313686,0.320145771,,,,,,,,,,,,,
10/18/2017,08T,0,22,21.25,7.25,29.8,4.920872923,16.87742113,24.15341021,,,0.242892994,-9.36875982,-9476.463456,2.654276928,-81.42770736,-82363.80352,53.82860427,-0.081427707,-82.36380352,0.053828604,-1.954264977,-1976.731285,-1.976731285,1.291886502
10/18/2017,,12,21,,,,,,,2.260173869,541.1245328,0.268849087,,,,,,,,,,,,,
10/18/2017,,24,21,,,,,,,2.145467616,455.6751376,0.291607581,,,,,,,,,,,,,
10/18/2017,,36,21,,,,,,,2.104027872,383.1834752,0.309036744,,,,,,,,,,,,,
10/18/2017,09T,0,22,22,7.25,29.8,4.920872923,16.87742113,24.21494234,2.75576204,466.0443719,0.921129141,57.89457109,874.6458291,-36.72104016,501.9066625,7582.586082,-742.8085255,0.501906662,7.582586082,-0.742808526,12.0457599,181.982066,0.181982066,-17.82740461
10/18/2017,,12,22,,,,,,,3.416849379,472.7192955,0.32717148,,,,,,,,,,,,,
10/18/2017,,24,22,,,,,,,3.911268403,,0.309111805,,,,,,,,,,,,,
10/18/2017,,36,22,,,,,,,4.199138229,487.7877593,,,,,,,,,,,,,,
10/18/2017,10T,0,20,20,7.25,29.8,4.920872923,16.87742113,24.05085667,1.99036086,436.7818158,0.276625406,1632.120997,1412.502013,5.037936,14245.9154,12328.97819,102.6047438,14.2459154,12.32897819,0.102604744,341.9019695,295.8954765,0.295895476,2.462513851
10/18/2017,,12,20,,,,,,,20.30335052,468.336215,0.335263056,,,,,,,,,,,,,
10/18/2017,,12,20,,,,,,,35.5327815,468.635824,0.382371337,,,,,,,,,,,,,
10/18/2017,,36,20,,,,,,,46.31529917,477.78961,0.414062089,,,,,,,,,,,,,
10/18/2017,11T,0,20,20.5,7.25,29.8,4.920872923,16.87742113,24.09187809,,439.033018,,2.12005212,-6535.321914,2.2094955,18.47329817,-56946.21808,44.92290254,0.018473298,-56.94621808,0.044922903,0.443359156,-1366.709234,-1.366709234,1.078149661
10/18/2017,,12,20,,,,,,,2.003351376,366.4529851,0.328717737,,,,,,,,,,,,,
10/18/2017,,24,21,,,,,,,2.01932971,330.1109861,0.334752641,,,,,,,,,,,,,
10/18/2017,,36,21,,,,,,,2.038685578,,0.365542662,,,,,,,,,,,,,
10/18/2017,12T,0,20,20,7.25,29.8,4.920872923,16.87742113,24.05085667,,395.3795444,0.241782091,6.77325486,-6204.761019,5.184432984,59.12013624,-54158.05611,105.5883636,0.059120136,-54.15805611,0.105588364,1.41888327,-1299.793347,-1.299793347,2.534120726
10/18/2017,,12,20,,,,,,,1.943724909,329.1820329,0.270050062,,,,,,,,,,,,,
10/18/2017,,24,20,,,,,,,1.996206592,,0.330894506,,,,,,,,,,,,,
10/18/2017,,36,20,,,,,,,2.05661249,237.362285,0.365512637,,,,,,,,,,,,,
10/18/2017,13T,0,21,21,7.25,29.8,4.920872923,16.87742113,24.13289951,2.16092633,,0.290886995,-3.094340829,-997.116558,2.959985352,-26.91703396,-8673.711701,60.07937442,-0.026917034,-8.673711701,0.060079374,-0.646008815,-208.1690808,-0.208169081,1.441904986
10/18/2017,,12,21,,,,,,,,467.2191793,0.311183488,,,,,,,,,,,,,
10/18/2017,,24,21,,,,,,,2.138712548,465.9900264,0.346312034,,,,,,,,,,,,,
10/18/2017,,36,21,,,,,,,2.076228168,450.60057,0.361399295,,,,,,,,,,,,,
10/18/2017,14T,0,21,21,7.25,29.8,4.920872923,16.87742113,24.13289951,2.813310024,408.8550951,1.169250769,526.9264902,4287.272285,-34.60468038,4583.62508,37294.09915,-702.3776478,4.58362508,37.29409915,-0.702377648,110.0070019,895.0583797,0.89505838,-16.85706355
10/18/2017,,12,21,,,,,,,13.4295491,501.6635762,0.424615665,,,,,,,,,,,,,
10/18/2017,,24,21,,,,,,,15.90086478,514.9567151,0.268218574,,,,,,,,,,,,,
10/18/2017,,36,21,,,,,,,16.62638508,523.5149456,0.260142011,,,,,,,,,,,,,
10/18/2017,15T,0,20,20,7.25,29.8,4.920872923,16.87742113,24.05085667,1.916834542,400.3147041,0.271611331,7.560480051,3179.010257,1.041246154,65.99140589,27747.88833,21.20646131,0.065991406,27.74788833,0.021206461,1.583793741,665.9493199,0.66594932,0.508955072
10/18/2017,,12,20,,,,,,,2.036996811,456.2886507,0.279988138,,,,,,,,,,,,,
10/18/2017,,24,20,,,,,,,,470.0613293,,,,,,,,,,,,,,
10/18/2017,,36,20,,,,,,,2.117278197,484.0296517,0.297582436,,,,,,,,,,,,,
11/21/2017,01W,0,14,14,7.25,29.8,4.920872923,16.87742113,23.55859967,2.159937724,384.898982,,427.4039648,4910.643161,2.22157248,3808.532214,43757.99995,46.19089306,3.808532214,43.75799995,0.046190893,91.40477313,1050.191999,1.050191999,1.108581433
11/21/2017,,12,14,,,,,,,6.736397224,438.1775705,0.232386249,,,,,,,,,,,,,
11/21/2017,,24,14,,,,,,,10.21218102,484.1812771,0.250824235,,,,,,,,,,,,,
11/21/2017,,36,14,,,,,,,12.87367548,505.9711676,0.269412457,,,,,,,,,,,,,
11/21/2017,02W,0,10,10,7.25,29.8,4.920872923,16.87742113,23.23042834,,423.2666363,0.198583273,133.0253014,3597.051073,-0.70965762,1202.113829,32505.58195,-14.96363124,1.202113829,32.50558195,-0.014963631,28.85073189,780.1339669,0.780133967,-0.35912715
11/21/2017,,12,10,,,,,,,4.201838774,467.5747296,0.198146225,,,,,,,,,,,,,
11/21/2017,,24,10,,,,,,,4.693845887,484.0192043,0.186755646,,,,,,,,,,,,,
11/21/2017,,36,10,,,,,,,6.418927131,517.7032301,,,,,,,,,,,,,,
11/21/2017,03W,0,11,11,7.25,29.8,4.920872923,16.87742113,23.31247117,2.645832139,391.5813488,0.185758629,15.28025718,3271.019343,-0.225821426,137.5976165,29455.29383,-4.744846611,0.137597616,29.45529383,-0.004744847,3.302342795,706.927052,0.706927052,-0.113876319
11/21/2017,,12,11,,,,,,,,,,,,,,,,,,,,,,
11/21/2017,,24,11,,,,,,,2.892811126,446.6665054,0.189459884,,,,,,,,,,,,,
11/21/2017,,36,11,,,,,,,3.02976156,473.2147905,0.178246857,,,,,,,,,,,,,
11/21/2017,04W,0,10,10,7.25,29.8,4.920872923,16.87742113,23.23042834,2.52162733,382.2228105,0.192505567,80.24280954,2342.27385,-0.523474932,725.1326625,21166.49807,-11.037838,0.725132662,21.16649807,-0.011037838,17.4031839,507.9959536,0.507995954,-0.264908112
11/21/2017,,12,10,,,,,,,3.158518378,422.7271501,0.178820483,,,,,,,,,,,,,
11/21/2017,,24,10,,,,,,,3.777461505,437.3709091,0.178670248,,,,,,,,,,,,,
11/21/2017,,36,10,,,,,,,4.544279886,442.40472,0.178014675,,,,,,,,,,,,,
11/21/2017,05W,0,12,12,7.25,29.8,4.920872923,16.87742113,23.394514,2.179706447,401.8509344,0.808785022,7588.468947,3052.935145,-22.27866007,68093.97591,27395.05079,-466.4664186,68.09397591,27.39505079,-0.466466419,1634.255422,657.4812189,0.657481219,-11.19519405
11/21/2017,,12,12,,,,,,,41.48325491,,0.22148735,,,,,,,,,,,,,
11/21/2017,,24,12,,,,,,,150.3447671,489.3680837,0.215286723,,,,,,,,,,,,,
11/21/2017,,36,12,,,,,,,176.6833398,469.0155888,0.192000229,,,,,,,,,,,,,
11/21/2017,06T,0,12,12.5,7.25,29.8,4.920872923,16.87742113,23.43553542,3.436451024,401.1928497,0.216215452,-56.04321649,3625.316333,9.428120988,-502.0150438,32474.28417,197.0586991,-0.502015044,32.47428417,0.197058699,-12.04836105,779.38282,0.77938282,4.729408778
11/21/2017,,12,12,,,,,,,,,0.272253273,,,,,,,,,,,,,
11/21/2017,,24,13,,,,,,,2.435399279,469.1485195,0.342822959,,,,,,,,,,,,,
11/21/2017,,36,13,,,,,,,2.052120146,489.9423253,0.454584473,,,,,,,,,,,,,
11/21/2017,07T,0,10,10,7.25,29.8,4.920872923,16.87742113,23.23042834,2.067596976,,0.206655014,5.34981792,-135.661008,4.5790125,48.34486397,-1225.931999,96.55170688,0.048344864,-1.225931999,0.096551707,1.160276735,-29.42236798,-0.029422368,2.317240965
11/21/2017,,12,10,,,,,,,2.113897407,430.4998356,0.258663794,,,,,,,,,,,,,
11/21/2017,,24,10,,,,,,,,428.9315396,0.283780429,,,,,,,,,,,,,
11/21/2017,,36,10,,,,,,,2.201686147,428.2388188,0.325477594,,,,,,,,,,,,,
11/21/2017,08T,0,12,12,7.25,29.8,4.920872923,16.87742113,23.394514,2.27828995,372.9887231,0.192942615,0.455944054,2404.48113,2.463315,4.091344864,21576.24697,51.57642884,0.004091345,21.57624697,0.051576429,0.098192277,517.8299274,0.517829927,1.237834292
11/21/2017,,12,12,,,,,,,2.381165347,410.7725809,0.213524871,,,,,,,,,,,,,
11/21/2017,,24,12,,,,,,,,419.3713957,0.233997865,,,,,,,,,,,,,
11/21/2017,,36,12,,,,,,,2.309503724,436.913594,,,,,,,,,,,,,,
11/21/2017,09T,0,13,13,7.25,29.8,4.920872923,16.87742113,23.47655684,3.029501445,449.4106352,,-44.44841418,-291.1126663,0.6588507,-397.4572544,-2603.126415,13.74668415,-0.397457254,-2.603126415,0.013746684,-9.538974105,-62.47503396,-0.062475034,0.32992042
11/21/2017,,12,13,,,,,,,2.458029266,,0.343833634,,,,,,,,,,,,,
11/21/2017,,24,13,,,,,,,2.288694542,444.9808052,0.349528923,,,,,,,,,,,,,
11/21/2017,,36,13,,,,,,,,442.0273066,0.354814479,,,,,,,,,,,,,
11/21/2017,10T,0,10,9.5,7.25,29.8,4.920872923,16.87742113,23.18940692,2.126252859,402.0411938,,225.7837196,654.6756,-1.16528076,2043.955992,5926.592574,-24.61423138,2.043955992,5.926592574,-0.024614231,49.05494382,142.2382218,0.142238222,-0.590741553
11/21/2017,,12,10,,,,,,,,405.1334755,0.207433507,,,,,,,,,,,,,
11/21/2017,,24,9,,,,,,,5.875157176,413.791052,0.198405722,,,,,,,,,,,,,
11/21/2017,,36,9,,,,,,,7.774385267,417.3407683,0.188012161,,,,,,,,,,,,,
11/21/2017,11T,0,8,8,7.25,29.8,4.920872923,16.87742113,23.06634267,,473.298753,0.212295672,12.7274163,-8287.198546,-0.0833514,115.8324038,-75421.91644,-1.770025421,0.115832404,-75.42191644,-0.001770025,2.779977692,-1810.125995,-1.810125995,-0.04248061
11/21/2017,,12,8,,,,,,,2.274388229,,,,,,,,,,,,,,,
11/21/2017,,24,8,,,,,,,2.357234787,326.1807438,0.223713566,,,,,,,,,,,,,
11/21/2017,,36,8,,,,,,,2.486511834,268.3682977,0.207010116,,,,,,,,,,,,,
11/21/2017,12T,0,9,9,7.25,29.8,4.920872923,16.87742113,23.1483855,2.223275674,399.9490576,0.185594736,4.796888186,-1999.715302,0.854586043,43.50182211,-18134.93581,18.08341436,0.043501822,-18.13493581,0.018083414,1.044043731,-435.2384595,-0.435238459,0.434001945
11/21/2017,,12,9,,,,,,,2.258651284,,,,,,,,,,,,,,,
11/21/2017,,24,9,,,,,,,,360.3432246,0.202038689,,,,,,,,,,,,,
11/21/2017,,36,9,,,,,,,2.342278187,351.5254862,0.206409174,,,,,,,,,,,,,
11/21/2017,13T,0,11,11,7.25,29.8,4.920872923,16.87742113,23.31247117,2.795138025,421.2491467,1.094969888,-18.87318549,-1572.754287,-32.20518029,-169.9516773,-14162.53919,-676.6791063,-0.169951677,-14.16253919,-0.676679106,-4.078840256,-339.9009405,-0.339900941,-16.24029855
11/21/2017,,12,11,,,,,,,2.33863658,387.6695068,0.285678858,,,,,,,,,,,,,
11/21/2017,,24,11,,,,,,,,,0.229736642,,,,,,,,,,,,,
11/21/2017,,36,11,,,,,,,2.263463408,377.8356187,0.219028952,,,,,,,,,,,,,
11/21/2017,14T,0,10,9.25,7.25,29.8,4.920872923,16.87742113,23.16889621,2.273477827,390.8621136,0.19762723,30.44903656,-2118.252452,0.67278162,275.8905155,-19192.91468,14.22375027,0.275890515,-19.19291468,0.01422375,6.621372371,-460.6299524,-0.460629952,0.341370006
11/21/2017,,12,9,,,,,,,2.595760043,371.5789168,0.201246538,,,,,,,,,,,,,
11/21/2017,,24,9,,,,,,,2.736742256,,0.208840257,,,,,,,,,,,,,
11/21/2017,,36,9,,,,,,,3.072290327,337.5795837,,,,,,,,,,,,,,
11/21/2017,15T,0,10,10,7.25,29.8,4.920872923,16.87742113,23.23042834,2.350992032,,,-4.892759066,-3977.316084,0.131934,-44.21454618,-35941.93446,2.781921407,-0.044214546,-35.94193446,0.002781921,-1.061149108,-862.6064271,-0.862606427,0.066766114
11/21/2017,,12,10,,,,,,,2.386627758,407.5073579,0.170557534,,,,,,,,,,,,,
11/21/2017,,24,10,,,,,,,,380.5432015,0.172455964,,,,,,,,,,,,,
11/21/2017,,36,10,,,,,,,2.243954799,341.2187565,0.172756434,,,,,,,,,,,,,
12/14/2017,01W,0,6,6,7.25,29.8,4.920872923,16.87742113,22.902257,2.743381091,,1.342634969,98.2041273,5894.071626,-60.35098734,900.1606329,54026.35705,-1290.777659,0.900160633,54.02635705,-1.290777659,21.60385519,1296.632569,1.296632569,-30.97866382
12/14/2017,,12,6,,,,,,,3.087211189,405.5877104,0.387535528,,,,,,,,,,,,,
12/14/2017,,24,6,,,,,,,4.116487423,438.1576311,0.33678518,,,,,,,,,,,,,
12/14/2017,,36,6,,,,,,,5.128181438,503.8222375,,,,,,,,,,,,,,
12/14/2017,02W,0,7,7,7.25,29.8,4.920872923,16.87742113,22.98429984,2.953716548,406.756726,0.269743612,-26.88907644,3224.812561,-0.351721517,-245.5914065,29453.82875,-7.495713932,-0.245591407,29.45382875,-0.007495714,-5.894193757,706.8918899,0.70689189,-0.179897134
12/14/2017,,12,7,,,,,,,2.513379594,,,,,,,,,,,,,,,
12/14/2017,,24,7,,,,,,,2.505565274,462.7883929,0.266402847,,,,,,,,,,,,,
12/14/2017,,36,7,,,,,,,,486.8058423,0.260320259,,,,,,,,,,,,,
12/14/2017,03W,0,5,5,7.25,29.8,4.920872923,16.87742113,22.82021417,,370.4970925,,21.4659381,3362.127608,-0.93195366,197.468904,30928.79757,-20.00414283,0.197468904,30.92879757,-0.020004143,4.739253697,742.2911416,0.742291142,-0.480099428
12/14/2017,,12,5,,,,,,,2.3086444,411.4640821,0.25506288,,,,,,,,,,,,,
12/14/2017,,24,5,,,,,,,2.46571224,433.0665696,0.247063677,,,,,,,,,,,,,
12/14/2017,,36,5,,,,,,,2.666410035,456.6886969,0.239530319,,,,,,,,,,,,,
12/14/2017,04W,0,3,3,7.25,29.8,4.920872923,16.87742113,22.6561285,2.052464929,375.0684862,0.239716656,25.78569446,4391.674458,0.005247883,238.9250537,40692.37139,0.113460261,0.238925054,40.69237139,0.00011346,5.734201288,976.6169133,0.976616913,0.002723046
12/14/2017,,12,3,,,,,,,2.514942458,396.6458439,0.228057253,,,,,,,,,,,,,
12/14/2017,,24,3,,,,,,,2.646874234,448.2630605,,,,,,,,,,,,,,
12/14/2017,,36,3,,,,,,,2.724756961,,0.237507226,,,,,,,,,,,,,
12/14/2017,05W,0,5,5,7.25,29.8,4.920872923,16.87742113,22.82021417,1.893183032,361.6294304,0.235776949,21076.57351,5572.067699,0.7131402,193887.0713,51258.42144,15.30736884,193.8870713,51.25842144,0.015307369,4653.289712,1230.202115,1.230202115,0.367376852
12/14/2017,,12,5,,,,,,,,438.0971771,0.244015728,,,,,,,,,,,,,
12/14/2017,,24,5,,,,,,,265.2537668,481.1485277,0.247662619,,,,,,,,,,,,,
12/14/2017,,36,5,,,,,,,550.7864311,502.0586385,,,,,,,,,,,,,,
12/14/2017,06T,0,5,5,7.25,29.8,4.920872923,16.87742113,22.82021417,9.884237308,384.1448927,0.246531284,-279.2431765,-819.1041384,2.606435616,-2568.806626,-7535.08166,55.94646233,-2.568806626,-7.53508166,0.055946462,-61.65135902,-180.8419599,-0.18084196,1.342715096
12/14/2017,,12,5,,,,,,,2.355790799,380.4499643,0.289881371,,,,,,,,,,,,,
12/14/2017,,24,5,,,,,,,2.222947353,373.6972459,0.29813346,,,,,,,,,,,,,
12/14/2017,,36,5,,,,,,,2.171763554,363.6429061,0.316181577,,,,,,,,,,,,,
12/14/2017,07T,0,5,5,7.25,29.8,4.920872923,16.87742113,22.82021417,2.055720896,373.6281386,0.261531453,2.745059117,1454.554131,1.852727057,25.25227702,13380.69684,39.76830422,0.025252277,13.38069684,0.039768304,0.606054648,321.1367241,0.321136724,0.954439301
12/14/2017,,12,5,,,,,,,2.105993024,402.3071887,0.303523938,,,,,,,,,,,,,
12/14/2017,,24,5,,,,,,,,,,,,,,,,,,,,,,
12/14/2017,,36,5,,,,,,,2.129826701,413.303545,0.313160248,,,,,,,,,,,,,
12/14/2017,08T,0,7,7,7.25,29.8,4.920872923,16.87742113,22.98429984,2.045952996,371.1149093,0.234605685,1.971441394,5357.441769,1.048319503,18.00616194,48932.19975,22.34126353,0.018006162,48.93219975,0.022341264,0.432147887,1174.372794,1.174372794,0.536190325
12/14/2017,,12,7,,,,,,,,,,,,,,,,,,,,,,
12/14/2017,,24,7,,,,,,,2.105602308,472.5242228,0.255701751,,,,,,,,,,,,,
12/14/2017,,36,7,,,,,,,2.088541042,502.0212992,0.259907654,,,,,,,,,,,,,
12/14/2017,09T,0,3,3,7.25,29.8,4.920872923,16.87742113,22.6561285,2.662633114,407.7467501,1.053346011,119.1538737,2911.235629,-29.00044944,1104.055806,26974.92324,-626.9954275,1.104055806,26.97492324,-0.626995428,26.49733933,647.3981578,0.647398158,-15.04789026
12/14/2017,,12,3,,,,,,,,426.9498042,0.317259673,,,,,,,,,,,,,
12/14/2017,,24,3,,,,,,,4.954964002,467.3535041,0.290373835,,,,,,,,,,,,,
12/14/2017,,36,3,,,,,,,5.564871709,475.1465065,0.256739917,,,,,,,,,,,,,
12/14/2017,10T,0,4,4,7.25,29.8,4.920872923,16.87742113,22.73817133,2.182443125,392.9524565,,18.08077453,4541.468236,1.46461272,166.9283325,41928.49804,31.55096242,0.166928332,41.92849804,0.031550962,4.006279979,1006.283953,1.006283953,0.757223098
12/14/2017,,12,4,,,,,,,2.489806394,428.5721066,0.236149624,,,,,,,,,,,,,
12/14/2017,,24,4,,,,,,,2.571205565,442.3500609,0.241792988,,,,,,,,,,,,,
12/14/2017,,36,4,,,,,,,2.657553805,514.5117005,0.260559836,,,,,,,,,,,,,
12/14/2017,11T,0,4,4,7.25,29.8,4.920872923,16.87742113,22.73817133,1.910114059,379.9947808,0.251881832,9.19745514,-1297.089083,1.758333828,84.91427438,-11975.20147,37.87835772,0.084914274,-11.97520147,0.037878358,2.037942585,-287.4048352,-0.287404835,0.909080585
12/14/2017,,12,4,,,,,,,1.929259144,375.4025245,0.270142907,,,,,,,,,,,,,
12/14/2017,,24,4,,,,,,,2.063404978,,0.292450167,,,,,,,,,,,,,
12/14/2017,,36,4,,,,,,,,348.8109176,0.293288685,,,,,,,,,,,,,
12/14/2017,12T,0,5,5,7.25,29.8,4.920872923,16.87742113,22.82021417,2.014825953,403.9437156,0.235484133,5.924371191,-485.0691454,1.39257996,54.49932264,-4462.23557,29.89136651,0.054499323,-4.46223557,0.029891367,1.307983743,-107.0936537,-0.107093654,0.717392796
12/14/2017,,12,5,,,,,,,2.092708679,,0.243483335,,,,,,,,,,,,,
12/14/2017,,24,5,,,,,,,,387.2842365,0.25579492,,,,,,,,,,,,,
12/14/2017,,36,5,,,,,,,2.168637826,393.9607353,0.270063048,,,,,,,,,,,,,
12/14/2017,13T,0,6,6,7.25,29.8,4.920872923,16.87742113,22.902257,2.562740051,420.2471085,1.014321616,-35.05504128,-1016.531448,-27.48951857,-321.3222195,-9317.75086,-587.9416062,-0.321322219,-9.31775086,-0.587941606,-7.711733267,-223.6260206,-0.223626021,-14.11059855
12/14/2017,,12,6,,,,,,,2.012872373,413.0572243,0.322556982,,,,,,,,,,,,,
12/14/2017,,24,6,,,,,,,1.978489363,403.3049177,0.268532418,,,,,,,,,,,,,
12/14/2017,,36,6,,,,,,,,,0.268732066,,,,,,,,,,,,,
12/14/2017,14T,0,5,5,7.25,29.8,4.920872923,16.87742113,22.82021417,2.164209711,375.6079498,0.244734459,11.52612258,6685.564614,3.19675278,106.0308095,61501.67354,68.61746666,0.10603081,61.50167354,0.068617467,2.544739428,1476.040165,1.476040165,1.6468192
12/14/2017,,12,5,,,,,,,2.213830645,394.45148,0.245905723,,,,,,,,,,,,,
12/14/2017,,24,5,,,,,,,2.356311754,487.0340267,0.298013672,,,,,,,,,,,,,
12/14/2017,,36,5,,,,,,,,,,,,,,,,,,,,,,
12/14/2017,15T,0,4,4,7.25,29.8,4.920872923,16.87742113,22.73817133,2.265795876,,0.268865164,-12.12001092,-2930.969256,-1.314135651,-111.8963797,-27059.78162,-28.30935714,-0.11189638,-27.05978162,-0.028309357,-2.685513113,-649.434759,-0.649434759,-0.679424571
12/14/2017,,12,4,,,,,,,2.157697777,427.7127107,,,,,,,,,,,,,,
12/14/2017,,24,4,,,,,,,2.063795694,409.360992,0.245080514,,,,,,,,,,,,,
12/14/2017,,36,4,,,,,,,,378.8632231,0.23648237,,,,,,,,,,,,,
