date,sample,min,temp,avg.temp.c,radius.cm,height.cm,cv.l,area.m2,surface.area.m2,mv,ch4ppm,co2ppm,n2oppm,ch4slope,co2slope,n20slope,ch4ugm2hr,co2ugm2hr,n2ougm2hr,ch4cmgm2hr,co2cmgm2hr,n2onmgm2hr,ch4cgm2day,co2cgm2day,n2ongm2day,ch4cmgm2day,co2cmgm2day,n2onmgm2day,co2_ch4,,,,,
1/19/2017,1W,0,10,10,7.25,29.8,4.920872923,16.87742113,0.016512996,23.23042834,1.702454725,387.0739882,0.264042828,3.872268812,8.421951883,0.01354225,35764.90215,77786.51215,291.8496309,35.76490215,77.78651215,0.291849631,0.858357652,1.866876292,0.007004391,858.3576516,1866.876292,7.004391142,2.174939884,,,,,
1/19/2017,,12,10,,,,,,,,57.33434222,482.699037,0.408333883,,,,,,,,,,,,,,,,,,,,,
1/19/2017,,24,10,,,,,,,,94.63690622,589.2008334,0.589056823,,,,,,,,,,,,,,,,,,,,,
1/19/2017,,36,10,,,,,,,,,,,,,,,,,,,,,,,,,,,,,,,
1/19/2017,2W,0,10,10.5,7.25,29.8,4.920872923,16.87742113,0.016512996,23.27144975,45.54028882,419.5969048,0.349698114,8.15534705,3.605964665,0.012350883,75191.33022,33246.56551,265.7052353,75.19133022,33.24656551,0.265705235,1.804591925,0.797917572,0.006376926,1804.591925,797.9175721,6.376925647,0.44215956,,,,,
1/19/2017,,12,10,,,,,,,,,,,,,,,,,,,,,,,,,,,,,,,
1/19/2017,,24,11,,,,,,,,238.3491945,512.872075,0.586772135,,,,,,,,,,,,,,,,,,,,,
1/19/2017,,36,11,,,,,,,,339.8626385,547.7286282,0.809166692,,,,,,,,,,,,,,,,,,,,,
1/19/2017,3W,0,10,10,7.25,29.8,4.920872923,16.87742113,0.016512996,23.23042834,,,,0.101002937,4.225596358,-0.000275325,932.8794895,39028.29261,-5.933551266,0.932879489,39.02829261,-0.005933551,0.022389108,0.936679023,-0.000142405,22.38910775,936.6790227,-0.14240523,41.83637121,,,,,
1/19/2017,,12,10,,,,,,,,2.000632294,440.0426022,0.361942401,,,,,,,,,,,,,,,,,,,,,
1/19/2017,,24,10,,,,,,,,3.917110208,461.486202,0.351066191,,,,,,,,,,,,,,,,,,,,,
1/19/2017,,36,10,,,,,,,,4.424702778,541.4569148,0.35533459,,,,,,,,,,,,,,,,,,,,,
1/19/2017,4W,0,10,10,7.25,29.8,4.920872923,16.87742113,0.016512996,23.23042834,9.812473138,415.7180785,0.322240813,0.425883981,-2.817148802,-0.002076219,3933.53345,-26019.64278,-44.74469571,3.93353345,-26.01964278,-0.044744696,0.094404803,-0.624471427,-0.001073873,94.4048028,-624.4714267,-1.073872697,6.614826875,,,,,
1/19/2017,,12,10,,,,,,,,,,,,,,,,,,,,,,,,,,,,,,,
1/19/2017,,24,10,,,,,,,,23.13802726,316.9363834,0.242947085,,,,,,,,,,,,,,,,,,,,,
1/19/2017,,36,10,,,,,,,,24.3682118,322.0932526,0.254863033,,,,,,,,,,,,,,,,,,,,,
1/19/2017,5W,0,11,11.5,7.25,29.8,4.920872923,16.87742113,0.016512996,23.35349259,4.199269367,494.9619336,0.352420587,3.686846437,-0.706611724,0.003029964,33872.86799,-6491.988769,64.95479434,33.87286799,-6.491988769,0.064954794,0.812948832,-0.15580773,0.001558915,812.9488319,-155.8077305,1.558915064,0.191657487,,,,,
1/19/2017,,12,11,,,,,,,,,,,,,,,,,,,,,,,,,,,,,,,
1/19/2017,,24,12,,,,,,,,131.2458395,467.0597735,0.432644607,,,,,,,,,,,,,,,,,,,,,
1/19/2017,,36,12,,,,,,,,127.2851772,472.2597812,0.459623081,,,,,,,,,,,,,,,,,,,,,
1/19/2017,6T,0,15,15,7.25,29.8,4.920872923,16.87742113,0.016512996,23.6406425,4.041730503,411.1657979,0.34767336,-0.05394317,3.551368668,0.000146335,-489.5825703,32231.85077,3.098956942,-0.48958257,32.23185077,0.003098957,-0.011749982,0.773564419,7.4375E-05,-11.74998169,773.5644186,0.074374967,65.83537227,,,,,
1/19/2017,,12,15,,,,,,,,,,,,,,,,,,,,,,,,,,,,,,,
1/19/2017,,24,15,,,,,,,,2.147884106,486.9716969,0.350587364,,,,,,,,,,,,,,,,,,,,,
1/19/2017,,36,15,,,,,,,,2.249578969,541.3718072,0.353090944,,,,,,,,,,,,,,,,,,,,,
1/19/2017,7T,0,9,9,7.25,29.8,4.920872923,16.87742113,0.016512996,23.1483855,1.707892167,433.7232025,0.360957385,0.006149063,1.186697632,-0.000576628,56.99503397,10999.37807,-12.47098057,0.056995034,10.99937807,-0.012470981,0.001367881,0.263985074,-0.000299304,1.367880815,263.9850738,-0.299303534,192.988359,,,,,
1/19/2017,,12,9,,,,,,,,1.865871904,,0.341202357,,,,,,,,,,,,,,,,,,,,,
1/19/2017,,24,9,,,,,,,,1.931855999,461.9221347,,,,,,,,,,,,,,,,,,,,,,
1/19/2017,,36,9,,,,,,,,1.93186,476.51477,0.337631677,,,,,,,,,,,,,,,,,,,,,
1/19/2017,8T,0,10,10,7.25,29.8,4.920872923,16.87742113,0.016512996,23.23042834,,463.0211268,0.335237542,-0.002590133,1.046683918,0.000272817,-23.92288728,9667.342259,5.879498013,-0.023922887,9.667342259,0.005879498,-0.000574149,0.232016214,0.000141108,-0.574149295,232.0162142,0.141107952,404.1043267,,,,,
1/19/2017,,12,10,,,,,,,,1.75168562,,0.336632981,,,,,,,,,,,,,,,,,,,,,
1/19/2017,,24,10,,,,,,,,1.72376362,471.5505947,0.343186068,,,,,,,,,,,,,,,,,,,,,
1/19/2017,,36,10,,,,,,,,1.68952243,504.8494844,0.343965872,,,,,,,,,,,,,,,,,,,,,
1/19/2017,9T,0,10,10,7.25,29.8,4.920872923,16.87742113,0.016512996,23.23042834,2.256926864,394.0264323,0.341311803,0.176972296,1.00926876,-0.00025342,1634.544799,9321.769789,-5.461463958,1.634544799,9.321769789,-0.005461464,0.039229075,0.223722475,-0.000131075,39.22907519,223.7224749,-0.131075135,5.702976016,,,,,
1/19/2017,,12,10,,,,,,,,,399.2419022,0.344348934,,,,,,,,,,,,,,,,,,,,,
1/19/2017,,24,10,,,,,,,,7.261137117,,,,,,,,,,,,,,,,,,,,,,,
1/19/2017,,36,10,,,,,,,,8.438710732,428.9809566,0.33340432,,,,,,,,,,,,,,,,,,,,,
1/19/2017,10T,0,11,11,7.25,29.8,4.920872923,16.87742113,0.016512996,23.31247117,2.626819887,381.3681427,0.296958755,-0.038503843,7.255224832,-0.002866691,-354.3761863,66774.6044,-61.56276121,-0.354376186,66.7746044,-0.061562761,-0.008505028,1.602590506,-0.001477506,-8.505028472,1602.590506,-1.477506269,188.428588,,,,,
1/19/2017,,12,11,,,,,,,,,,,,,,,,,,,,,,,,,,,,,,,
1/19/2017,,24,11,,,,,,,,1.507441598,341.0031156,0.250567272,,,,,,,,,,,,,,,,,,,,,
1/19/2017,,36,11,,,,,,,,1.289503039,696.1788424,0.188155611,,,,,,,,,,,,,,,,,,,,,
1/19/2017,11T,0,13,13,7.25,29.8,4.920872923,16.87742113,0.016512996,23.47655684,1.419119903,,,0.002933035,0.988763746,0.000390472,26.80597159,9036.638157,8.326853964,0.026805972,9.036638157,0.008326854,0.000643343,0.216879316,0.000199844,0.643343318,216.8793158,0.199844495,337.1128753,,,,,
1/19/2017,,12,13,,,,,,,,,321.8092142,0.22736469,,,,,,,,,,,,,,,,,,,,,
1/19/2017,,24,13,,,,,,,,1.492157977,326.5784866,0.234601816,,,,,,,,,,,,,,,,,,,,,
1/19/2017,,36,13,,,,,,,,1.52404784,345.5395441,0.236736016,,,,,,,,,,,,,,,,,,,,,
1/19/2017,12T,0,10,10,7.25,29.8,4.920872923,16.87742113,0.016512996,23.23042834,1.739635072,,0.293771136,-0.009615245,1.106089838,-0.001689168,-88.8079621,10216.02495,-36.4033269,-0.088807962,10.21602495,-0.036403327,-0.002131391,0.245184599,-0.00087368,-2.13139109,245.1845989,-0.873679846,115.0350116,,,,,
1/19/2017,,12,10,,,,,,,,,305.5991453,0.217131476,,,,,,,,,,,,,,,,,,,,,
1/19/2017,,24,10,,,,,,,,1.426908671,310.1233599,,,,,,,,,,,,,,,,,,,,,,
1/19/2017,,36,10,,,,,,,,1.413976376,332.1453014,0.221687172,,,,,,,,,,,,,,,,,,,,,
1/19/2017,13T,0,11,11,7.25,29.8,4.920872923,16.87742113,0.016512996,23.31247117,1.462325524,333.9285325,0.219648738,0.02837512,0.594421167,0.000296824,261.1548885,5470.848826,6.374350407,0.261154889,5.470848826,0.00637435,0.006267717,0.131300372,0.000152984,6.267717325,131.3003718,0.15298441,20.94867477,,,,,
1/19/2017,,12,11,,,,,,,,1.40883285,320.4113711,,,,,,,,,,,,,,,,,,,,,,
1/19/2017,,24,11,,,,,,,,2.143328411,348.1946405,0.247954246,,,,,,,,,,,,,,,,,,,,,
1/19/2017,,36,11,,,,,,,,,,0.22503896,,,,,,,,,,,,,,,,,,,,,
1/19/2017,14T,0,11,11,7.25,29.8,4.920872923,16.87742113,0.016512996,23.31247117,1.291560449,319.2927587,0.229348402,0.013810368,0.536290623,0.00027943,127.1058991,4935.835214,6.000808386,0.127105899,4.935835214,0.006000808,0.003050542,0.118460045,0.000144019,3.050541578,118.4600451,0.144019401,38.83246371,,,,,
1/19/2017,,12,11,,,,,,,,1.606785135,,0.223944499,,,,,,,,,,,,,,,,,,,,,
1/19/2017,,24,11,,,,,,,,1.630592314,337.0920654,0.222343849,,,,,,,,,,,,,,,,,,,,,
1/19/2017,,36,11,,,,,,,,1.836039452,337.3671382,0.241059139,,,,,,,,,,,,,,,,,,,,,
1/19/2017,15T,0,14,14,7.25,29.8,4.920872923,16.87742113,0.016512996,23.55859967,1.693049419,354.9954501,,-0.000255427,1.684134527,-0.001039738,-2.326300302,15338.25903,-22.09531154,-0.0023263,15.33825903,-0.022095312,-5.58312E-05,0.368118217,-0.000530287,-0.055831207,368.1182168,-0.530287477,6593.413163,,,,,
1/19/2017,,12,14,,,,,,,,,,0.222945803,,,,,,,,,,,,,,,,,,,,,
1/19/2017,,24,14,,,,,,,,1.902317462,596.9282111,0.255451306,,,,,,,,,,,,,,,,,,,,,
1/19/2017,,36,14,,,,,,,,1.630004482,365.24591,0.197992083,,,,,,,,,,,,,,,,,,,,,
2/15/2017,1W,0,11,11,7.25,29.8,4.920872923,16.87742113,0.016512996,23.31247117,3.12091436,442.5032766,1.343371899,36.42462641,10.60088666,-0.026769446,335239.7858,97566.92999,-574.8792338,335.2397858,97.56692999,-0.574879234,8.04575486,2.34160632,-0.013797102,8045.75486,2341.60632,-13.79710161,0.29103625,,,,,
2/15/2017,,12,11,,,,,,,,366.7823523,556.3831986,,,,,,,,,,,,,,,,,,,,,,
2/15/2017,,24,11,,,,,,,,877.3119482,666.4028578,0.439979563,,,,,,,,,,,,,,,,,,,,,
2/15/2017,,36,11,,,,,,,,,829.8655234,0.444903241,,,,,,,,,,,,,,,,,,,,,
2/15/2017,2W,0,11,11,7.25,29.8,4.920872923,16.87742113,0.016512996,23.31247117,6.622092474,454.9372277,0.388639962,3.494938703,2.674915541,-0.000667603,32166.21879,24619.00647,-14.33690563,32.16621879,24.61900647,-0.014336906,0.771989251,0.590856155,-0.000344086,771.9892509,590.8561552,-0.344085735,0.765368371,,,,,
2/15/2017,,12,11,,,,,,,,57.05972441,,0.379339681,,,,,,,,,,,,,,,,,,,,,
2/15/2017,,24,11,,,,,,,,82.82270797,516.1794594,0.368158829,,,,,,,,,,,,,,,,,,,,,
2/15/2017,,36,11,,,,,,,,137.8319794,551.9731225,0.365662798,,,,,,,,,,,,,,,,,,,,,
2/15/2017,3W,0,8,8,7.25,29.8,4.920872923,16.87742113,0.016512996,23.06634267,4.59199975,399.0769471,0.366038912,0.320638793,2.413205588,-5.58676E-05,2982.538684,22447.31202,-1.212570161,2.982538684,22.44731202,-0.00121257,0.071580928,0.538735488,-2.91017E-05,71.58092843,538.7354885,-0.029101684,7.526243377,,,,,
2/15/2017,,12,8,,,,,,,,11.62963748,441.0894539,0.36662018,,,,,,,,,,,,,,,,,,,,,
2/15/2017,,24,8,,,,,,,,12.28733077,453.2710356,,,,,,,,,,,,,,,,,,,,,,
2/15/2017,,36,8,,,,,,,,,491.5446434,0.364278014,,,,,,,,,,,,,,,,,,,,,
2/15/2017,4W,0,8,8.5,7.25,29.8,4.920872923,16.87742113,0.016512996,23.10736409,4.523482043,408.0400362,,1.489806423,2.096735548,0.000528555,13833.37645,19468.92676,11.45156867,13.83337645,19.46892676,0.011451569,0.332001035,0.467254242,0.000274838,332.0010348,467.2542423,0.274837648,1.407387909,,,,,
2/15/2017,,12,8,,,,,,,,42.11656552,452.9623833,0.361781982,,,,,,,,,,,,,,,,,,,,,
2/15/2017,,24,9,,,,,,,,51.69233361,462.4388886,0.364483167,,,,,,,,,,,,,,,,,,,,,
2/15/2017,,36,9,,,,,,,,60.92381628,488.750623,0.374467292,,,,,,,,,,,,,,,,,,,,,
2/15/2017,5W,0,8,8,7.25,29.8,4.920872923,16.87742113,0.016512996,23.06634267,3.622653164,414.9856168,0.364756705,0.327180267,0.374419034,0.005009871,3043.386599,3482.795217,108.7359956,3.043386599,3.482795217,0.108735996,0.073041278,0.083587085,0.002609664,73.04127837,83.58708521,2.609663893,1.144381466,,,,,
2/15/2017,,12,8,,,,,,,,,,0.296115846,,,,,,,,,,,,,,,,,,,,,
2/15/2017,,24,8,,,,,,,,7.374508933,439.6373057,0.484993605,,,,,,,,,,,,,,,,,,,,,
2/15/2017,,36,8,,,,,,,,16.42626045,424.548294,,,,,,,,,,,,,,,,,,,,,,
2/15/2017,6T,0,10,10,7.25,29.8,4.920872923,16.87742113,0.016512996,23.23042834,,414.3358923,0.371150648,-0.019883131,-0.834102399,-0.00024077,-183.643821,-7703.904903,-5.188848245,-0.183643821,-7.703904903,-0.005188848,-0.004407452,-0.184893718,-0.000124532,-4.407451704,-184.8937177,-0.124532358,41.95025382,,,,,
2/15/2017,,12,10,,,,,,,,2.713770898,401.8220363,,,,,,,,,,,,,,,,,,,,,,
2/15/2017,,24,10,,,,,,,,2.241433349,399.671835,0.364414783,,,,,,,,,,,,,,,,,,,,,
2/15/2017,,36,10,,,,,,,,2.23657575,381.6885301,0.362722268,,,,,,,,,,,,,,,,,,,,,
2/15/2017,7T,0,10,10,7.25,29.8,4.920872923,16.87742113,0.016512996,23.23042834,2.40646387,364.3121651,0.370398419,0.082557871,2.008857221,1.54679E-05,762.5178741,18554.13077,0.333349636,0.762517874,18.55413077,0.00033335,0.018300429,0.445299139,8.00039E-06,18.30042898,445.2991386,0.008000391,24.33271587,,,,,
2/15/2017,,12,10,,,,,,,,1.980912665,399.0955072,0.375065655,,,,,,,,,,,,,,,,,,,,,
2/15/2017,,24,10,,,,,,,,4.387852777,415.0398509,,,,,,,,,,,,,,,,,,,,,,
2/15/2017,,36,10,,,,,,,,,439.3516727,0.371851588,,,,,,,,,,,,,,,,,,,,,
2/15/2017,8T,0,10,10,7.25,29.8,4.920872923,16.87742113,0.016512996,23.23042834,2.611377832,442.9358237,0.364466071,-0.010685347,-1.215908463,0.000245146,-98.69159898,-11230.32757,5.283150485,-0.098691599,-11.23032757,0.00528315,-0.002368598,-0.269527862,0.000126796,-2.368598375,-269.5278616,0.126795612,113.7921331,,,,,
2/15/2017,,12,10,,,,,,,,,416.824876,,,,,,,,,,,,,,,,,,,,,,
2/15/2017,,24,10,,,,,,,,2.330787597,413.7540206,0.368654616,,,,,,,,,,,,,,,,,,,,,
2/15/2017,,36,10,,,,,,,,2.232740804,,0.373715063,,,,,,,,,,,,,,,,,,,,,
2/15/2017,9T,0,10,10.75,7.25,29.8,4.920872923,16.87742113,0.016512996,23.29196046,2.134054853,419.6117856,0.370364227,0.010588713,-0.987883479,-0.000182358,97.54070343,-9100.147651,-3.919633202,0.097540703,-9.100147651,-0.003919633,0.002340977,-0.218403544,-9.40712E-05,2.340976882,-218.4035436,-0.094071197,93.29589937,,,,,
2/15/2017,,12,11,,,,,,,,2.276587023,,,,,,,,,,,,,,,,,,,,,,,
2/15/2017,,24,11,,,,,,,,2.388183959,399.4999731,0.371458377,,,,,,,,,,,,,,,,,,,,,
2/15/2017,,36,11,,,,,,,,,383.1486326,0.362431634,,,,,,,,,,,,,,,,,,,,,
2/15/2017,10T,0,9,9,7.25,29.8,4.920872923,16.87742113,0.016512996,23.1483855,2.364407292,365.3083853,0.364773801,-0.012128018,1.203751702,-0.000409289,-112.4133453,11157.45049,-8.851865083,-0.112413345,11.15745049,-0.008851865,-0.00269792,0.267778812,-0.000212445,-2.697920287,267.7788119,-0.212444762,99.25378934,,,,,
2/15/2017,,12,9,,,,,,,,2.18020204,405.9040563,0.373014123,,,,,,,,,,,,,,,,,,,,,
2/15/2017,,24,9,,,,,,,,2.07333487,,,,,,,,,,,,,,,,,,,,,,,
2/15/2017,,36,9,,,,,,,,,413.8735767,0.352669759,,,,,,,,,,,,,,,,,,,,,
2/15/2017,11T,0,9,9.25,7.25,29.8,4.920872923,16.87742113,0.016512996,23.16889621,2.132776538,431.7510648,0.363440305,0.001755401,-0.631442046,-0.000121708,16.25622699,-5847.589981,-2.629900174,0.016256227,-5.847589981,-0.0026299,0.000390149,-0.14034216,-6.31176E-05,0.390149448,-140.3421595,-0.063117604,359.7138489,,,,,
2/15/2017,,12,9,,,,,,,,,416.455602,,,,,,,,,,,,,,,,,,,,,,
2/15/2017,,24,9,,,,,,,,2.182247344,,0.358037936,,,,,,,,,,,,,,,,,,,,,
2/15/2017,,36,10,,,,,,,,2.194135678,407.4755195,0.359679162,,,,,,,,,,,,,,,,,,,,,
2/15/2017,12T,0,7,7.5,7.25,29.8,4.920872923,16.87742113,0.016512996,23.02532125,2.209731126,421.5392881,0.366551796,0.00237858,0.383083143,-0.00038741,22.1646452,3569.736045,-8.423461739,0.022164645,3.569736045,-0.008423462,0.000531951,0.085673665,-0.000202163,0.531951485,85.67366509,-0.202163082,161.0554111,,,,,
2/15/2017,,12,7,,,,,,,,,421.8094199,0.356499286,,,,,,,,,,,,,,,,,,,,,
2/15/2017,,24,8,,,,,,,,2.248336252,430.7332836,,,,,,,,,,,,,,,,,,,,,,
2/15/2017,,36,8,,,,,,,,2.299980195,,0.35152432,,,,,,,,,,,,,,,,,,,,,
2/15/2017,13T,0,10,10,7.25,29.8,4.920872923,16.87742113,0.016512996,23.23042834,2.227371879,,0.369372653,-0.002598176,0.658843896,-0.0005543,-23.99717535,6085.18897,-11.94575461,-0.023997175,6.08518897,-0.011945755,-0.000575932,0.146044535,-0.000286698,-0.575932208,146.0445353,-0.286698111,253.5793851,,,,,
2/15/2017,,12,10,,,,,,,,2.227627542,391.6246995,0.35538804,,,,,,,,,,,,,,,,,,,,,
2/15/2017,,24,10,,,,,,,,2.198098456,397.1160831,,,,,,,,,,,,,,,,,,,,,,
2/15/2017,,36,10,,,,,,,,2.133287864,407.436953,0.347951234,,,,,,,,,,,,,,,,,,,,,
2/15/2017,14T,0,6,6,7.25,29.8,4.920872923,16.87742113,0.016512996,22.902257,,415.7706855,0.348549598,0.055654658,0.441281217,0.000913217,521.4011604,4134.147034,19.96278778,0.52140116,4.134147034,0.019962788,0.012513628,0.099219529,0.000479107,12.51362785,99.21952881,0.479106907,7.928917977,,,,,
2/15/2017,,12,6,,,,,,,,2.192346036,420.0344501,0.368671712,,,,,,,,,,,,,,,,,,,,,
2/15/2017,,24,6,,,,,,,,2.893757709,,0.370466803,,,,,,,,,,,,,,,,,,,,,
2/15/2017,,36,6,,,,,,,,3.528057823,431.4504873,,,,,,,,,,,,,,,,,,,,,,
2/15/2017,15T,0,8,8.25,7.25,29.8,4.920872923,16.87742113,0.016512996,23.08685338,3.821303381,435.0070391,0.368842673,-0.045966092,0.403117914,-1.01761E-06,-427.1905123,3746.416988,-0.02206701,-0.427190512,3.746416988,-2.2067E-05,-0.010252572,0.089914008,-5.29608E-07,-10.2525723,89.91400771,-0.000529608,8.769897457,,,,,
2/15/2017,,12,8,,,,,,,,,,,,,,,,,,,,,,,,,,,,,,,
2/15/2017,,24,8,,,,,,,,2.297807059,428.0198791,0.364978954,,,,,,,,,,,,,,,,,,,,,
2/15/2017,,36,9,,,,,,,,2.271601593,453.6847815,0.369765863,,,,,,,,,,,,,,,,,,,,,
3/15/2017,1W,0,11,11,7.25,29.8,4.920872923,16.87742113,0.016512996,23.31247117,2.845479347,430.8438063,1.118659573,5.061279833,4.095534715,-0.015076492,46582.28606,37693.89877,-323.7706999,46.58228606,37.69389877,-0.3237707,1.117974866,0.904653571,-0.007770497,1117.974866,904.6535706,-7.770496797,0.809189543,,,,,
3/15/2017,,12,11,,,,,,,,62.19605644,517.2169667,0.521676575,,,,,,,,,,,,,,,,,,,,,
3/15/2017,,24,11,,,,,,,,163.3736249,548.9972168,,,,,,,,,,,,,,,,,,,,,,
3/15/2017,,36,11,,,,,,,,171.5708165,584.0717782,0.492692832,,,,,,,,,,,,,,,,,,,,,
3/15/2017,2W,0,10,10,7.25,29.8,4.920872923,16.87742113,0.016512996,23.23042834,2.289737543,455.6478533,0.376051741,4.927522113,3.965487485,-0.00141263,45511.39261,36625.88492,-30.44365269,45.51139261,36.62588492,-0.030443653,1.092273423,0.879021238,-0.000730648,1092.273423,879.021238,-0.730647665,0.804763001,,,,,
3/15/2017,,12,10,,,,,,,,64.66706365,502.7388726,0.330597349,,,,,,,,,,,,,,,,,,,,,
3/15/2017,,24,10,,,,,,,,82.33565236,532.5992931,,,,,,,,,,,,,,,,,,,,,,
3/15/2017,,36,10,,,,,,,,193.5010925,604.3138792,0.319496494,,,,,,,,,,,,,,,,,,,,,
3/15/2017,3W,0,10,10,7.25,29.8,4.920872923,16.87742113,0.016512996,23.23042834,4.92703245,409.5210227,0.310513997,0.290020377,3.328169674,2.49253E-05,2678.675191,30739.51435,0.537166332,2.678675191,30.73951435,0.000537166,0.064288205,0.737748344,1.2892E-05,64.28820458,737.7483445,0.012891992,11.47564082,,,,,
3/15/2017,,12,10,,,,,,,,,442.9290127,,,,,,,,,,,,,,,,,,,,,,
3/15/2017,,24,10,,,,,,,,13.47632432,496.032657,0.311220116,,,,,,,,,,,,,,,,,,,,,
3/15/2017,,36,10,,,,,,,,14.97056531,524.9465949,0.31138433,,,,,,,,,,,,,,,,,,,,,
3/15/2017,4W,0,10,10,7.25,29.8,4.920872923,16.87742113,0.016512996,23.23042834,,,0.328166985,0.418556635,2.957524033,-0.001125549,3865.856896,27316.17116,-24.25675773,3.865856896,27.31617116,-0.024256758,0.092780566,0.655588108,-0.000582162,92.7805655,655.5881079,-0.582162186,7.066006812,,,,,
3/15/2017,,12,10,,,,,,,,3.925131733,442.5790425,0.310234833,,,,,,,,,,,,,,,,,,,,,
3/15/2017,,24,10,,,,,,,,13.65570107,466.1907974,0.301153808,,,,,,,,,,,,,,,,,,,,,
3/15/2017,,36,10,,,,,,,,13.97049097,513.5596193,,,,,,,,,,,,,,,,,,,,,,
3/15/2017,5W,0,9,9,7.25,29.8,4.920872923,16.87742113,0.016512996,23.1483855,,419.956387,0.314652185,-0.714241364,1.262238445,-0.000290795,-6620.229605,11699.55809,-6.289154622,-6.620229605,11.69955809,-0.006289155,-0.158885511,0.280789394,-0.00015094,-158.8855105,280.7893941,-0.150939711,1.767243553,,,,,
3/15/2017,,12,9,,,,,,,,63.94799116,445.0686422,0.310333361,,,,,,,,,,,,,,,,,,,,,
3/15/2017,,24,9,,,,,,,,56.4153134,,0.307673097,,,,,,,,,,,,,,,,,,,,,
3/15/2017,,36,9,,,,,,,,46.80619843,467.3900498,,,,,,,,,,,,,,,,,,,,,,
3/15/2017,6T,0,11,11,7.25,29.8,4.920872923,16.87742113,0.016512996,23.31247117,8.241914898,,,-0.153438877,-1.882407654,-0.000884018,-1412.19887,-17325.03531,-18.9844605,-1.41219887,-17.32503531,-0.018984461,-0.033892773,-0.415800848,-0.000455627,-33.89277288,-415.8008475,-0.455627052,12.26812716,,,,,
3/15/2017,,12,11,,,,,,,,2.95936728,439.9626916,0.3276415,,,,,,,,,,,,,,,,,,,,,
3/15/2017,,24,11,,,,,,,,2.385231205,423.3635289,0.32337194,,,,,,,,,,,,,,,,,,,,,
3/15/2017,,36,11,,,,,,,,2.295738511,394.7849079,0.306425072,,,,,,,,,,,,,,,,,,,,,
3/15/2017,7T,0,10,10.25,7.25,29.8,4.920872923,16.87742113,0.016512996,23.25093904,,407.1978604,,-1.08713E-05,0.828650529,-0.000470746,-0.10032082,7646.799004,-10.13612585,-0.000100321,7.646799004,-0.010136126,-2.4077E-06,0.183523176,-0.000243267,-0.0024077,183.5231761,-0.24326702,76223.44967,,,,,
3/15/2017,,12,10,,,,,,,,2.461939229,431.0789922,0.322370236,,,,,,,,,,,,,,,,,,,,,
3/15/2017,,24,10,,,,,,,,2.518035232,427.0854731,0.318002148,,,,,,,,,,,,,,,,,,,,,
3/15/2017,,36,11,,,,,,,,2.461678317,,0.311072324,,,,,,,,,,,,,,,,,,,,,
3/15/2017,8T,0,10,10,7.25,29.8,4.920872923,16.87742113,0.016512996,23.23042834,2.090661958,388.024475,0.282958914,0.008924265,2.165105881,0.001230431,82.42596103,19997.26871,26.51707056,0.082425961,19.99726871,0.026517071,0.001978223,0.479934449,0.00063641,1.978223065,479.9344492,0.636409693,242.6088633,,,,,
3/15/2017,,12,10,,,,,,,,2.122232267,404.6933631,,,,,,,,,,,,,,,,,,,,,,
3/15/2017,,24,10,,,,,,,,2.318829192,443.3141509,0.313108575,,,,,,,,,,,,,,,,,,,,,
3/15/2017,,36,10,,,,,,,,2.382100265,461.7551143,0.327099595,,,,,,,,,,,,,,,,,,,,,
3/15/2017,9T,0,11,11.75,7.25,29.8,4.920872923,16.87742113,0.016512996,23.37400329,2.49063951,456.2389928,0.309824298,0.105417623,-2.590773007,-0.000651284,967.6735671,-23781.81646,-13.94963123,0.967673567,-23.78181646,-0.013949631,0.023224166,-0.570763595,-0.000334791,23.22416561,-570.763595,-0.33479115,24.57627992,,,,,
3/15/2017,,12,12,,,,,,,,,,0.304126078,,,,,,,,,,,,,,,,,,,,,
3/15/2017,,24,12,,,,,,,,5.725422083,398.0972917,,,,,,,,,,,,,,,,,,,,,,
3/15/2017,,36,12,,,,,,,,6.109484024,361.9619518,0.286801518,,,,,,,,,,,,,,,,,,,,,
3/15/2017,10T,0,10,10,7.25,29.8,4.920872923,16.87742113,0.016512996,23.23042834,2.044611053,376.9491268,0.277145744,0.261520439,1.09951169,0.000269584,2415.445145,10155.26812,5.809825102,2.415445145,10.15526812,0.005809825,0.057970683,0.243726435,0.000139436,57.97068347,243.7264349,0.139435802,4.204305009,,,,,
3/15/2017,,12,10,,,,,,,,7.854461105,,0.28350082,,,,,,,,,,,,,,,,,,,,,
3/15/2017,,24,10,,,,,,,,8.321101582,404.0075876,0.286193927,,,,,,,,,,,,,,,,,,,,,
3/15/2017,,36,10,,,,,,,,,416.3640026,0.287031417,,,,,,,,,,,,,,,,,,,,,
3/15/2017,11T,0,11,11,7.25,29.8,4.920872923,16.87742113,0.016512996,23.31247117,2.176240978,427.2958704,0.300037154,-0.000856505,-0.553301063,-0.000280434,-7.882975102,-5092.393476,-6.022381708,-0.007882975,-5.092393476,-0.006022382,-0.000189191,-0.122217443,-0.000144537,-0.189191402,-122.2174434,-0.144537161,645.9989294,,,,,
3/15/2017,,12,11,,,,,,,,,,,,,,,,,,,,,,,,,,,,,,,
3/15/2017,,24,11,,,,,,,,2.236902935,411.7152358,0.297130569,,,,,,,,,,,,,,,,,,,,,
3/15/2017,,36,11,,,,,,,,2.125102295,407.9523844,0.288985562,,,,,,,,,,,,,,,,,,,,,
3/15/2017,12T,0,10,10,7.25,29.8,4.920872923,16.87742113,0.016512996,23.23042834,2.086748283,395.1152183,0.276406782,0.003171319,-1.183408511,0.000367233,29.2908154,-10930.15275,7.914254422,0.029290815,-10.93015275,0.007914254,0.00070298,-0.262323666,0.000189942,0.70297957,-262.3236659,0.189942106,373.1597293,,,,,
3/15/2017,,12,10,,,,,,,,,370.4254672,0.281792996,,,,,,,,,,,,,,,,,,,,,
3/15/2017,,24,10,,,,,,,,2.120144974,354.2214558,,,,,,,,,,,,,,,,,,,,,,
3/15/2017,,36,10,,,,,,,,2.211594505,353.180215,0.289823053,,,,,,,,,,,,,,,,,,,,,
3/15/2017,13T,0,10,10,7.25,29.8,4.920872923,16.87742113,0.016512996,23.23042834,2.22268325,367.1524032,0.283402291,-0.003239653,2.616855341,-0.000357458,-29.92195929,24169.69992,-7.703600272,-0.029921959,24.16969992,-0.0077036,-0.000718127,0.580072798,-0.000184886,-0.718127023,580.0727982,-0.184886407,807.7579307,,,,,
3/15/2017,,12,10,,,,,,,,,,0.280643499,,,,,,,,,,,,,,,,,,,,,
3/15/2017,,24,10,,,,,,,,2.137104231,442.3432461,,,,,,,,,,,,,,,,,,,,,,
3/15/2017,,36,10,,,,,,,,2.108012582,458.2626168,0.270839933,,,,,,,,,,,,,,,,,,,,,
3/15/2017,14T,0,10,10,7.25,29.8,4.920872923,16.87742113,0.016512996,23.23042834,2.09183606,397.0676515,0.28065992,0.768144849,1.678268542,0.000289916,7094.710281,15500.76017,6.247984728,7.094710281,15.50076017,0.006247985,0.170273047,0.372018244,0.000149952,170.2730467,372.0182441,0.149951633,2.184833426,,,,,
3/15/2017,,12,10,,,,,,,,14.25605877,419.9221959,0.282367744,,,,,,,,,,,,,,,,,,,,,
3/15/2017,,24,10,,,,,,,,,437.3460965,,,,,,,,,,,,,,,,,,,,,,
3/15/2017,,36,10,,,,,,,,30.33434752,,0.29074265,,,,,,,,,,,,,,,,,,,,,
3/15/2017,15T,0,10,10,7.25,29.8,4.920872923,16.87742113,0.016512996,23.23042834,2.585741804,381.0679318,0.281694468,-0.018834559,0.726227726,0.000258246,-173.959042,6707.55694,5.565466991,-0.173959042,6.70755694,0.005565467,-0.004175017,0.160981367,0.000133571,-4.175017009,160.9813666,0.133571208,38.55825407,,,,,
3/15/2017,,12,10,,,,,,,,2.326265173,393.3880799,0.286259612,,,,,,,,,,,,,,,,,,,,,
3/15/2017,,24,10,,,,,,,,2.133712379,,,,,,,,,,,,,,,,,,,,,,,
3/15/2017,,36,10,,,,,,,,,407.933213,0.291284556,,,,,,,,,,,,,,,,,,,,,
5/2/2017,1W,0,24,24.5,7.25,29.8,4.920872923,16.87742113,0.016512996,24.42004942,2.743587816,389.0228869,0.383645873,10.89498917,2.873805856,0.001055846,95725.80445,25249.89912,21.64608654,95.72580445,25.24989912,0.021646087,2.297419307,0.605997579,0.000519506,2297.419307,605.9975789,0.519506077,0.263773172,,,,,
5/2/2017,,12,24,,,,,,,,128.2813151,457.4188178,0.38958408,,,,,,,,,,,,,,,,,,,,,
5/2/2017,,24,25,,,,,,,,300.5956674,464.5274319,,,,,,,,,,,,,,,,,,,,,,
5/2/2017,,36,25,,,,,,,,381.1050371,501.6055831,0.420309924,,,,,,,,,,,,,,,,,,,,,
5/2/2017,2W,0,22,21.75,7.25,29.8,4.920872923,16.87742113,0.016512996,24.19443163,19.44310456,376.4399604,0.30146618,1.30665845,7.265192718,-0.000667319,11587.65129,64428.86418,-13.80840062,11.58765129,64.42886418,-0.013808401,0.278103631,1.54629274,-0.000331402,278.103631,1546.29274,-0.331401615,5.560131433,,,,,
5/2/2017,,12,21,,,,,,,,44.88274099,518.1172036,0.298648318,,,,,,,,,,,,,,,,,,,,,
5/2/2017,,24,22,,,,,,,,49.9025843,593.6766871,0.293315075,,,,,,,,,,,,,,,,,,,,,
5/2/2017,,36,22,,,,,,,,70.03616144,641.8611746,0.276551182,,,,,,,,,,,,,,,,,,,,,
5/2/2017,3W,0,24,24,7.25,29.8,4.920872923,16.87742113,0.016512996,24.37902801,2.67220659,381.9770258,0.289000721,2.630356503,3.798667446,0.000873996,23149.78641,33432.09939,17.94810512,23.14978641,33.43209939,0.017948105,0.555594874,0.802370385,0.000430755,555.5948738,802.3703853,0.430754523,1.444164486,,,,,
5/2/2017,,12,24,,,,,,,,21.71521604,457.5619658,0.306305898,,,,,,,,,,,,,,,,,,,,,
5/2/2017,,24,24,,,,,,,,47.1183348,,,,,,,,,,,,,,,,,,,,,,,
5/2/2017,,36,24,,,,,,,,99.41876044,524.72924,0.321828022,,,,,,,,,,,,,,,,,,,,,
5/2/2017,4W,0,23,23,7.25,29.8,4.920872923,16.87742113,0.016512996,24.29698517,2.414801566,372.3979558,0.094138374,7.618298535,3.488750861,0.005210525,67275.10109,30808.20025,107.3629945,67.27510109,30.80820025,0.107362995,1.614602426,0.739396806,0.002576712,1614.602426,739.396806,2.576711868,0.457943574,,,,,
5/2/2017,,12,23,,,,,,,,118.6163107,452.0372141,0.290449452,,,,,,,,,,,,,,,,,,,,,
5/2/2017,,24,23,,,,,,,,185.2539664,476.4394932,0.297502068,,,,,,,,,,,,,,,,,,,,,
5/2/2017,,36,23,,,,,,,,,503.8138972,0.30020849,,,,,,,,,,,,,,,,,,,,,
5/2/2017,5W,0,24,24.33333333,7.25,29.8,4.920872923,16.87742113,0.016512996,24.40637562,2.633398616,365.4367521,0.274784048,2.004971251,6.960832706,0.001597319,17625.99406,61193.69335,32.7652897,17.62599406,61.19369335,0.03276529,0.423023857,1.46864864,0.000786367,423.0238575,1468.64864,0.786366953,3.471786791,,,,,
5/2/2017,,12,24,,,,,,,,,447.9009616,0.296817503,,,,,,,,,,,,,,,,,,,,,
5/2/2017,,24,25,,,,,,,,38.05788154,561.1162793,0.325871734,,,,,,,,,,,,,,,,,,,,,
5/2/2017,,36,,,,,,,,,77.98607044,606.1316211,0.328992079,,,,,,,,,,,,,,,,,,,,,
5/2/2017,6T,0,22,22,7.25,29.8,4.920872923,16.87742113,0.016512996,24.21494234,,377.235266,0.282218747,0.010094315,-3.204496481,0.000722243,89.44213554,-28393.90469,14.93225827,0.089442136,-28.39390469,0.014932258,0.002146611,-0.681453713,0.000358374,2.146611253,-681.4537126,0.358374199,317.4555764,,,,,
5/2/2017,,12,22,,,,,,,,2.374848439,284.6832135,0.28634206,,,,,,,,,,,,,,,,,,,,,
5/2/2017,,24,22,,,,,,,,2.444830032,261.4809377,0.290338012,,,,,,,,,,,,,,,,,,,,,
5/2/2017,,36,22,,,,,,,,2.617111991,256.7894987,0.309776486,,,,,,,,,,,,,,,,,,,,,
5/2/2017,7T,0,21,21.25,7.25,29.8,4.920872923,16.87742113,0.016512996,24.15341021,,457.1546632,0.362488024,0.003599811,-4.875550046,-0.002834446,31.9779024,-43310.57224,-58.75099828,0.031977902,-43.31057224,-0.058750998,0.00076747,-1.039453734,-0.001410024,0.767469658,-1039.453734,-1.410023959,1354.390657,,,,,
5/2/2017,,12,21,,,,,,,,2.122532985,355.8247664,0.301911943,,,,,,,,,,,,,,,,,,,,,
5/2/2017,,24,21,,,,,,,,2.13029458,319.9025731,0.294461324,,,,,,,,,,,,,,,,,,,,,
5/2/2017,,36,22,,,,,,,,2.208928443,274.1067258,,,,,,,,,,,,,,,,,,,,,,
5/2/2017,8T,0,19,19.5,7.25,29.8,4.920872923,16.87742113,0.016512996,24.00983526,2.209182921,406.1241489,0.284909248,0.09100364,1.362231633,0.003392693,813.2392722,12173.36212,70.7425788,0.813239272,12.17336212,0.070742579,0.019517743,0.292160691,0.001697822,19.51774253,292.160691,1.697821891,14.96897966,,,,,
5/2/2017,,12,19,,,,,,,,2.519901196,408.2447271,0.308120793,,,,,,,,,,,,,,,,,,,,,
5/2/2017,,24,20,,,,,,,,4.859703957,,,,,,,,,,,,,,,,,,,,,,,
5/2/2017,,36,20,,,,,,,,5.069394258,452.3192474,0.403546031,,,,,,,,,,,,,,,,,,,,,
5/2/2017,9T,0,24,24,7.25,29.8,4.920872923,16.87742113,0.016512996,24.37902801,2.374339482,366.71644,0.278159115,1.689717806,5.412675392,0.000944594,14871.21851,47636.99487,19.39788672,14.87121851,47.63699487,0.019397887,0.356909244,1.143287877,0.000465549,356.9092442,1143.287877,0.465549281,3.203301386,,,,,
5/2/2017,,12,24,,,,,,,,,455.6687192,0.280196891,,,,,,,,,,,,,,,,,,,,,
5/2/2017,,24,24,,,,,,,,39.08597476,509.2223782,0.300829375,,,,,,,,,,,,,,,,,,,,,
5/2/2017,,36,24,,,,,,,,64.16457853,565.372236,,,,,,,,,,,,,,,,,,,,,,
5/2/2017,10T,0,20,20,7.25,29.8,4.920872923,16.87742113,0.016512996,24.05085667,1.87556158,396.3473477,0.276455661,8.944346752,4.623211886,0.000112483,79793.37557,41244.11682,2.341439392,79.79337557,41.24411682,0.002341439,1.915041014,0.989858804,5.61945E-05,1915.041014,989.8588037,0.056194545,0.516886477,,,,,
5/2/2017,,12,20,,,,,,,,,478.9927121,0.277140227,,,,,,,,,,,,,,,,,,,,,
5/2/2017,,24,20,,,,,,,,314.4585295,530.0086629,,,,,,,,,,,,,,,,,,,,,,
5/2/2017,,36,20,,,,,,,,299.3923832,564.2705062,0.280372012,,,,,,,,,,,,,,,,,,,,,
5/2/2017,11T,0,20,20,7.25,29.8,4.920872923,16.87742113,0.016512996,24.05085667,5.469816211,,0.300702014,-0.124683872,4.662460146,-0.00080264,-1112.316785,41594.25431,-16.70766032,-1.112316785,41.59425431,-0.01670766,-0.026695603,0.998262104,-0.000400984,-26.69560285,998.2621035,-0.400983848,37.39425213,,,,,
5/2/2017,,12,20,,,,,,,,2.499288435,418.7024578,0.287026625,,,,,,,,,,,,,,,,,,,,,
5/2/2017,,24,20,,,,,,,,2.477403283,456.2291154,0.281438661,,,,,,,,,,,,,,,,,,,,,
5/2/2017,,36,20,,,,,,,,,530.6015013,,,,,,,,,,,,,,,,,,,,,,
5/2/2017,12T,0,23,23,7.25,29.8,4.920872923,16.87742113,0.016512996,24.29698517,2.168848076,761.2734116,0.299969688,0.016894041,-12.09118367,-0.000290353,149.1866371,-106773.9207,-5.98272632,0.149186637,-106.7739207,-0.005982726,0.003580479,-2.562574097,-0.000143585,3.580479291,-2562.574097,-0.143585432,715.7070015,,,,,
5/2/2017,,12,23,,,,,,,,,494.1203326,,,,,,,,,,,,,,,,,,,,,,
5/2/2017,,24,23,,,,,,,,2.375739113,471.0850035,0.268957282,,,,,,,,,,,,,,,,,,,,,
5/2/2017,,36,23,,,,,,,,2.826675053,,0.295527973,,,,,,,,,,,,,,,,,,,,,
5/2/2017,13T,0,22,22,7.25,29.8,4.920872923,16.87742113,0.016512996,24.21494234,3.155970259,409.0096035,0.290847456,0.330415366,0.718593898,-0.000809273,2927.693156,6367.205201,-16.7315899,2.927693156,6.367205201,-0.01673159,0.070264636,0.152812925,-0.000401558,70.26463575,152.8129248,-0.401558158,2.174819853,,,,,
5/2/2017,,12,22,,,,,,,,,425.1353521,0.288809679,,,,,,,,,,,,,,,,,,,,,
5/2/2017,,24,22,,,,,,,,13.42608717,,0.283014753,,,,,,,,,,,,,,,,,,,,,
5/2/2017,,36,22,,,,,,,,14.46588641,436.3795082,0.260408174,,,,,,,,,,,,,,,,,,,,,
5/2/2017,14T,0,25,25,7.25,29.8,4.920872923,16.87742113,0.016512996,24.46107084,3.42075516,390.3317017,0.307308866,0.36275383,-2.786229881,-5.78052E-05,3181.891026,-24439.38318,-1.183088249,3.181891026,-24.43938318,-0.001183088,0.076365385,-0.586545196,-2.83941E-05,76.36538462,-586.5451963,-0.028394118,7.680773156,,,,,
5/2/2017,,12,25,,,,,,,,7.054072244,337.7852877,,,,,,,,,,,,,,,,,,,,,,
5/2/2017,,24,25,,,,,,,,13.23688239,326.9804027,0.306130777,,,,,,,,,,,,,,,,,,,,,
5/2/2017,,36,25,,,,,,,,15.86997165,282.4841348,0.305175569,,,,,,,,,,,,,,,,,,,,,
5/2/2017,15T,0,21,18.75,7.25,29.8,4.920872923,16.87742113,0.016512996,23.94830313,,,,0.02920141,4.181674379,0.000939287,261.6241559,37464.86964,19.63583268,0.261624156,37.46486964,0.019635833,0.00627898,0.899156871,0.00047126,6.278979742,899.1568713,0.471259984,143.2011104,,,,,
5/2/2017,,12,21,,,,,,,,2.532243404,402.4998663,0.264276765,,,,,,,,,,,,,,,,,,,,,
5/2/2017,,24,21,,,,,,,,2.606423893,437.0742907,0.265375253,,,,,,,,,,,,,,,,,,,,,
5/2/2017,,36,12,,,,,,,,3.233077251,502.8600514,0.286819664,,,,,,,,,,,,,,,,,,,,,
5/18/2017,1W,0,23,23,7.25,29.8,4.920872923,16.87742113,0.016512996,24.29698517,3.129099379,423.6085889,0.410886407,9.450933901,19.01109571,-0.010535805,83458.60046,167881.7626,-217.0905351,83.45860046,167.8817626,-0.217090535,2.003006411,4.029162302,-0.005210173,2003.006411,4029.162302,-5.210172843,2.011557367,,,,,
5/18/2017,,12,23,,,,,,,,155.8516092,865.1308294,,,,,,,,,,,,,,,,,,,,,,
5/18/2017,,24,23,,,,,,,,255.7562992,,0.164903714,,,,,,,,,,,,,,,,,,,,,
5/18/2017,,36,23,,,,,,,,347.8648921,1150.685853,0.029878262,,,,,,,,,,,,,,,,,,,,,
5/18/2017,2W,0,20,20,7.25,29.8,4.920872923,16.87742113,0.016512996,24.05085667,2.942645572,606.0414761,0.303421265,2.645862927,6.644555192,0.001629846,23603.99704,59276.7144,33.92668975,23.60399704,59.2767144,0.03392669,0.566495929,1.422641145,0.000814241,566.4959289,1422.641145,0.814240554,2.511299857,,,,,
5/18/2017,,12,20,,,,,,,,21.00857088,706.9463647,0.324129222,,,,,,,,,,,,,,,,,,,,,
5/18/2017,,24,20,,,,,,,,54.29635045,765.5108007,,,,,,,,,,,,,,,,,,,,,,
5/18/2017,,36,20,,,,,,,,97.68123614,,0.362325672,,,,,,,,,,,,,,,,,,,,,
5/18/2017,3W,0,19,19.75,7.25,29.8,4.920872923,16.87742113,0.016512996,24.03034596,2.5913259,333.7819814,0.266244949,2.660018571,11.00708464,-0.000973162,23750.53549,98279.07113,-20.27451795,23.75053549,98.27907113,-0.020274518,0.570012852,2.358697707,-0.000486588,570.0128518,2358.697707,-0.486588431,4.137972854,,,,,
5/18/2017,,12,20,,,,,,,,71.97684039,510.5010837,0.257589182,,,,,,,,,,,,,,,,,,,,,
5/18/2017,,24,20,,,,,,,,,621.6488477,,,,,,,,,,,,,,,,,,,,,,
5/18/2017,,36,20,,,,,,,,105.8450528,737.0161123,0.231815562,,,,,,,,,,,,,,,,,,,,,
5/18/2017,4W,0,18,18.75,7.25,29.8,4.920872923,16.87742113,0.016512996,23.94830313,12.84202267,332.5245043,,3.737740046,10.50973095,0.004085701,33487.52936,94159.81838,85.41169754,33.48752936,94.15981838,0.085411698,0.803700705,2.259835641,0.002049881,803.7007047,2259.835641,2.049880741,2.811787557,,,,,
5/18/2017,,12,19,,,,,,,,77.00466403,589.498983,0.137361295,,,,,,,,,,,,,,,,,,,,,
5/18/2017,,24,19,,,,,,,,88.98674415,696.0835614,0.220366972,,,,,,,,,,,,,,,,,,,,,
5/18/2017,,36,19,,,,,,,,158.3575978,717.3855496,0.235418113,,,,,,,,,,,,,,,,,,,,,
5/18/2017,5W,0,20,20.5,7.25,29.8,4.920872923,16.87742113,0.016512996,24.09187809,6.827512381,457.7578833,0.828338144,26.16997742,2.326111118,-0.041151305,233067.3572,20716.12681,-855.1425239,233.0673572,20.71612681,-0.855142524,5.593616573,0.497187043,-0.020523421,5593.616573,497.1870434,-20.52342057,0.08888472,,,,,
5/18/2017,,12,20,,,,,,,,47.98892568,,0.134470854,,,,,,,,,,,,,,,,,,,,,
5/18/2017,,24,21,,,,,,,,,653.9535108,-0.41989998,,,,,,,,,,,,,,,,,,,,,
5/18/2017,,36,21,,,,,,,,894.3710365,506.4056434,-0.632923786,,,,,,,,,,,,,,,,,,,,,
5/18/2017,6T,0,20,20,7.25,29.8,4.920872923,16.87742113,0.016512996,24.05085667,3.897052556,407.5144453,0.268853813,-0.062724197,5.468553671,0.00270154,-559.5685812,48785.49199,56.23496788,-0.559568581,48.78549199,0.056234968,-0.013429646,1.170851808,0.001349639,-13.42964595,1170.851808,1.349639229,87.18411583,,,,,
5/18/2017,,12,20,,,,,,,,2.413672273,518.8739737,0.268853813,,,,,,,,,,,,,,,,,,,,,
5/18/2017,,24,20,,,,,,,,2.391671824,583.4396135,0.333690781,,,,,,,,,,,,,,,,,,,,,
5/18/2017,,36,20,,,,,,,,,604.7347122,,,,,,,,,,,,,,,,,,,,,,
5/18/2017,7T,0,16,16.75,7.25,29.8,4.920872923,16.87742113,0.016512996,23.78421746,3.149862302,571.692782,0.497698039,2.940663679,-2.979706905,-0.005037553,26528.04533,-26880.2585,-106.0367239,26.52804533,-26.8802585,-0.106036724,0.636673088,-0.645126204,-0.002544881,636.6730879,-645.1262039,-2.544881374,1.013277012,,,,,
5/18/2017,,12,17,,,,,,,,53.11480733,508.2391435,,,,,,,,,,,,,,,,,,,,,,
5/18/2017,,24,17,,,,,,,,73.7257906,506.5961161,0.324476138,,,,,,,,,,,,,,,,,,,,,
5/18/2017,,36,17,,,,,,,,,453.0521816,0.329426291,,,,,,,,,,,,,,,,,,,,,
5/18/2017,8T,0,18,18,7.25,29.8,4.920872923,16.87742113,0.016512996,23.886771,8.254241508,432.9905791,,0.071656969,1.226008796,0.001507901,643.6499614,11012.47411,31.60392343,0.643649961,11.01247411,0.031603923,0.015447599,0.264299379,0.000758494,15.44759907,264.2993786,0.758494162,17.1094147,,,,,
5/18/2017,,12,18,,,,,,,,9.427140452,459.4609294,0.298655071,,,,,,,,,,,,,,,,,,,,,
5/18/2017,,24,18,,,,,,,,,,0.306197364,,,,,,,,,,,,,,,,,,,,,
5/18/2017,,36,18,,,,,,,,10.89649545,479.4785447,0.334844701,,,,,,,,,,,,,,,,,,,,,
5/18/2017,9T,0,20,20,7.25,29.8,4.920872923,16.87742113,0.016512996,24.05085667,9.146634726,410.8118945,0.287266375,0.293728472,3.767090714,-0.005037227,2620.379885,33606.5777,-104.8543567,2.620379885,33.6065777,-0.104854357,0.062889117,0.806557865,-0.002516505,62.88911724,806.5578648,-2.516504561,12.82507849,,,,,
5/18/2017,,12,20,,,,,,,,12.93330603,,,,,,,,,,,,,,,,,,,,,,,
5/18/2017,,24,20,,,,,,,,,556.7396572,0.102442649,,,,,,,,,,,,,,,,,,,,,
5/18/2017,,36,20,,,,,,,,19.77324566,532.5477638,0.121908791,,,,,,,,,,,,,,,,,,,,,
5/18/2017,10T,0,20,20,7.25,29.8,4.920872923,16.87742113,0.016512996,24.05085667,4.001227681,663.3984291,0.484761059,3.046848768,-4.869516375,-0.011036874,27181.2302,-43441.4228,-229.7423639,27.1812302,-43.4414228,-0.229742364,0.652349525,-1.042594147,-0.005513817,652.3495247,-1042.594147,-5.513816734,1.598214006,,,,,
5/18/2017,,12,20,,,,,,,,108.2854526,572.354049,0.08605363,,,,,,,,,,,,,,,,,,,,,
5/18/2017,,24,20,,,,,,,,111.3011642,507.3473448,0.060299457,,,,,,,,,,,,,,,,,,,,,
5/18/2017,,36,20,,,,,,,,124.8699412,490.2866755,0.051870818,,,,,,,,,,,,,,,,,,,,,
5/18/2017,11T,0,17,17.5,7.25,29.8,4.920872923,16.87742113,0.016512996,23.84574959,2.55653769,432.7515644,0.315177878,-0.002515974,-0.262601368,-0.000406938,-22.63830601,-2362.842455,-8.543642746,-0.022638306,-2.362842455,-0.008543643,-0.000543319,-0.056708219,-0.000205047,-0.543319344,-56.70821891,-0.205047426,104.3736423,,,,,
5/18/2017,,12,17,,,,,,,,2.519961943,,0.30679941,,,,,,,,,,,,,,,,,,,,,
5/18/2017,,24,18,,,,,,,,,406.8129026,0.30541136,,,,,,,,,,,,,,,,,,,,,
5/18/2017,,36,18,,,,,,,,2.464685815,428.2069724,,,,,,,,,,,,,,,,,,,,,,
5/18/2017,12T,0,20,20,7.25,29.8,4.920872923,16.87742113,0.016512996,24.05085667,2.513499311,399.7622334,0.307669031,0.30709304,0.445864913,0.000145136,2739.606476,3977.603672,3.021135338,2.739606476,3.977603672,0.003021135,0.065750555,0.095462488,7.25072E-05,65.75055543,95.46248812,0.072507248,1.451888695,,,,,
5/18/2017,,12,20,,,,,,,,4.619079796,408.9011016,0.311548881,,,,,,,,,,,,,,,,,,,,,
5/18/2017,,24,20,,,,,,,,9.411740138,415.1495347,,,,,,,,,,,,,,,,,,,,,,
5/18/2017,,36,20,,,,,,,,13.19966747,415.5140189,0.313321571,,,,,,,,,,,,,,,,,,,,,
5/18/2017,13T,0,18,18,7.25,29.8,4.920872923,16.87742113,0.016512996,23.886771,2.753579212,373.9630852,0.278285861,-0.005081875,3.527643292,0.001361571,-45.64731694,31686.62455,28.53699984,-0.045647317,31.68662455,0.028537,-0.001095536,0.760478989,0.000684888,-1.095535607,760.4789893,0.684887996,694.1618189,,,,,
5/18/2017,,12,18,,,,,,,,,479.2323754,0.30718405,,,,,,,,,,,,,,,,,,,,,
5/18/2017,,24,18,,,,,,,,2.622539037,494.4143148,0.310963559,,,,,,,,,,,,,,,,,,,,,
5/18/2017,,36,18,,,,,,,,2.572900524,510.0081704,,,,,,,,,,,,,,,,,,,,,,
5/18/2017,14T,0,20,20,7.25,29.8,4.920872923,16.87742113,0.016512996,24.05085667,2.149941889,383.8920004,0.271261995,0.158174062,-4.898423848,0.001176776,1411.085988,-43699.30914,24.49564475,1.411085988,-43.69930914,0.024495645,0.033866064,-1.048783419,0.000587895,33.8660637,-1048.783419,0.587895474,30.96856572,,,,,
5/18/2017,,12,20,,,,,,,,3.062960528,358.0468777,0.275292356,,,,,,,,,,,,,,,,,,,,,
5/18/2017,,24,20,,,,,,,,5.13801539,279.6402451,0.297701832,,,,,,,,,,,,,,,,,,,,,
5/18/2017,,36,20,,,,,,,,7.785219433,214.0905907,0.310863218,,,,,,,,,,,,,,,,,,,,,
5/18/2017,15T,0,20,20,7.25,29.8,4.920872923,16.87742113,0.016512996,24.05085667,2.273281907,412.0773211,,0.026617106,-5.312430071,0.004397581,237.4537554,-47392.69838,91.53956216,0.237453755,-47.39269838,0.091539562,0.00569889,-1.137424761,0.002196949,5.698890131,-1137.424761,2.196949492,199.5870661,,,,,
5/18/2017,,12,20,,,,,,,,2.466473351,314.8706704,0.210304877,,,,,,,,,,,,,,,,,,,,,
5/18/2017,,24,20,,,,,,,,2.793180021,284.5789994,0.28111213,,,,,,,,,,,,,,,,,,,,,
5/18/2017,,36,20,,,,,,,,3.229063919,,0.315846818,,,,,,,,,,,,,,,,,,,,,
6/14/2017,1W,0,25,25,7.25,29.8,4.920872923,16.87742113,0.016512996,24.46107084,5.816741392,368.6081275,0.355890426,10.28517271,30.72304233,-0.009312674,90216.27352,269486.8105,-190.6006979,90.21627352,269.4868105,-0.190600698,2.165190565,6.467683452,-0.004574417,2165.190565,6467.683452,-4.57441675,2.987119729,,,,,
6/14/2017,,12,25,,,,,,,,203.2177069,811.7299589,0.063471757,,,,,,,,,,,,,,,,,,,,,
6/14/2017,,24,25,,,,,,,,,,0.002740844,,,,,,,,,,,,,,,,,,,,,
6/14/2017,,36,25,,,,,,,,390.8787377,1489.526716,0.003627098,,,,,,,,,,,,,,,,,,,,,
6/14/2017,2W,0,21,21,7.25,29.8,4.920872923,16.87742113,0.016512996,24.13289951,8.114927769,371.8104526,0.250013415,43.88239235,78.05567255,0.009548835,390148.1503,693974.8412,198.091779,390.1481503,693.9748412,0.198091779,9.363555607,16.65539619,0.004754203,9363.555607,16655.39619,4.754202696,1.778746973,,,,,
6/14/2017,,12,21,,,,,,,,330.2141617,844.4538146,,,,,,,,,,,,,,,,,,,,,,
6/14/2017,,24,21,,,,,,,,448.2248075,1150.008475,0.0892843,,,,,,,,,,,,,,,,,,,,,
6/14/2017,,36,21,,,,,,,,1724.07374,3392.185801,0.691246784,,,,,,,,,,,,,,,,,,,,,
6/14/2017,3W,0,25,25,7.25,29.8,4.920872923,16.87742113,0.016512996,24.46107084,48.51878453,2.338627628,0.263647138,1.406499277,25.48656796,-0.012297204,12337.09214,223555.1361,-251.6844904,12.33709214,223.5551361,-0.25168449,0.296090211,5.365323267,-0.006040428,296.0902115,5365.323267,-6.040427769,18.12056954,,,,,
6/14/2017,,12,25,,,,,,,,98.06851385,,0.100533649,,,,,,,,,,,,,,,,,,,,,
6/14/2017,,24,25,,,,,,,,100.1051494,807.5304462,,,,,,,,,,,,,,,,,,,,,,
6/14/2017,,36,25,,,,,,,,104.0998771,871.4765272,-0.18216161,,,,,,,,,,,,,,,,,,,,,
6/14/2017,4W,0,23,23,7.25,29.8,4.920872923,16.87742113,0.016512996,24.29698517,2.774550499,523.4019738,0.780466049,9.661443423,13.84593499,-0.02049811,85317.5522,122269.6475,-422.364071,85.3175522,122.2696475,-0.422364071,2.047621253,2.934471539,-0.010136738,2047.621253,2934.471539,-10.13673771,1.433112464,,,,,
6/14/2017,,12,23,,,,,,,,76.98685223,,0.220849,,,,,,,,,,,,,,,,,,,,,
6/14/2017,,24,23,,,,,,,,175.742451,886.7815795,0.026745,,,,,,,,,,,,,,,,,,,,,
6/14/2017,,36,23,,,,,,,,356.3137545,1014.086342,0.025243,,,,,,,,,,,,,,,,,,,,,
6/14/2017,5W,0,26,26,7.25,29.8,4.920872923,16.87742113,0.016512996,24.54311367,4.983153211,402.0277072,0.252351935,68.37248977,28.94249375,-0.014128861,597723.7281,253020.1156,-288.2060239,597.7237281,253.0201156,-0.288206024,14.34536948,6.072482773,-0.006916945,14345.36948,6072.482773,-6.916944574,0.423306126,,,,,
6/14/2017,,12,26,,,,,,,,827.0574168,1219.308856,-0.052537355,,,,,,,,,,,,,,,,,,,,,
6/14/2017,,24,26,,,,,,,,1768.779983,1414.195285,-0.08674074,,,,,,,,,,,,,,,,,,,,,
6/14/2017,,36,26,,,,,,,,2425.975222,1494.765314,,,,,,,,,,,,,,,,,,,,,,
6/14/2017,6T,0,22,22,7.25,29.8,4.920872923,16.87742113,0.016512996,24.21494234,,825.2007863,0.247843024,0.005266311,-21.45312094,0.001775797,46.66290685,-190088.4819,36.71432438,0.046662907,-190.0884819,0.036714324,0.00111991,-4.562123566,0.000881144,1.119909764,-4562.123566,0.881143785,4073.652817,,,,,
6/14/2017,,12,22,,,,,,,,2.598901561,575.6391455,0.288866468,,,,,,,,,,,,,,,,,,,,,
6/14/2017,,24,22,,,,,,,,2.602419952,310.3258837,0.30992843,,,,,,,,,,,,,,,,,,,,,
6/14/2017,,36,22,,,,,,,,2.725293015,,0.311854269,,,,,,,,,,,,,,,,,,,,,
6/14/2017,7T,0,22,22,7.25,29.8,4.920872923,16.87742113,0.016512996,24.21494234,3.002704667,458.8220337,0.246941242,-0.012027938,-6.81262961,0.002430863,-106.5752821,-60364.29031,50.25770237,-0.106575282,-60.36429031,0.050257702,-0.002557807,-1.448742967,0.001206185,-2.557806771,-1448.742967,1.206184857,566.400474,,,,,
6/14/2017,,12,22,,,,,,,,2.728676084,350.8661238,0.290960436,,,,,,,,,,,,,,,,,,,,,
6/14/2017,,24,22,,,,,,,,2.678606664,281.5476669,0.340741866,,,,,,,,,,,,,,,,,,,,,
6/14/2017,,36,22,,,,,,,,2.538276966,209.4230016,0.327581961,,,,,,,,,,,,,,,,,,,,,
6/14/2017,8T,0,24,24.75,7.25,29.8,4.920872923,16.87742113,0.016512996,24.44056013,2.173852782,452.632616,0.147577081,0.009250277,-0.382732913,0.005750772,81.20679012,-3359.954656,117.7987015,0.08120679,-3.359954656,0.117798702,0.001948963,-0.080638912,0.002827169,1.948962963,-80.63891174,2.827168836,41.37529203,,,,,
6/14/2017,,12,25,,,,,,,,,,0.314131651,,,,,,,,,,,,,,,,,,,,,
6/14/2017,,24,25,,,,,,,,2.527857113,471.8252516,0.334169555,,,,,,,,,,,,,,,,,,,,,
6/14/2017,,36,25,,,,,,,,2.473863334,431.7596748,0.37092864,,,,,,,,,,,,,,,,,,,,,
6/14/2017,9T,0,21,21,7.25,29.8,4.920872923,16.87742113,0.016512996,24.13289951,2.556680861,,,0.032510165,-6.173158721,0.002051936,289.0403166,-54884.11928,42.56767602,0.289040317,-54.88411928,0.042567676,0.006936968,-1.317218863,0.001021624,6.9369676,-1317.218863,1.021624225,189.8839578,,,,,
6/14/2017,,12,21,,,,,,,,3.415303752,698.2084161,0.271702039,,,,,,,,,,,,,,,,,,,,,
6/14/2017,,24,21,,,,,,,,3.444804113,656.431068,0.289951663,,,,,,,,,,,,,,,,,,,,,
6/14/2017,,36,21,,,,,,,,3.847253991,550.0526068,0.320948513,,,,,,,,,,,,,,,,,,,,,
6/14/2017,10T,0,22,22,7.25,29.8,4.920872923,16.87742113,0.016512996,24.21494234,2.695927977,510.079682,0.249585451,3.150808963,12.50914646,-0.016913581,27918.19867,110839.102,-349.6855369,27.91819867,110.839102,-0.349685537,0.670036768,2.660138448,-0.008392453,670.0367681,2660.138448,-8.392452885,3.97013802,,,,,
6/14/2017,,12,22,,,,,,,,,581.5598813,0.146314261,,,,,,,,,,,,,,,,,,,,,
6/14/2017,,24,22,,,,,,,,65.16884524,756.4685175,-0.054267184,,,,,,,,,,,,,,,,,,,,,
6/14/2017,,36,22,,,,,,,,119.4116751,952.1426615,-0.360097301,,,,,,,,,,,,,,,,,,,,,
6/14/2017,11T,0,21,21,7.25,29.8,4.920872923,16.87742113,0.016512996,24.13289951,3.565782657,400.0067144,0.231167697,-0.032363565,3.401811005,0.004537059,-287.7369332,30244.71092,94.12186139,-0.287736933,30.24471092,0.094121861,-0.006905686,0.725873062,0.002258925,-6.905686398,725.8730621,2.258924673,105.1123698,,,,,
6/14/2017,,12,21,,,,,,,,2.411614865,427.3569032,0.286512664,,,,,,,,,,,,,,,,,,,,,
6/14/2017,,24,21,,,,,,,,2.368446906,477.5031506,0.332625827,,,,,,,,,,,,,,,,,,,,,
6/14/2017,,36,21,,,,,,,,2.285629379,519.3637388,0.397279019,,,,,,,,,,,,,,,,,,,,,
6/14/2017,12T,0,21,21,7.25,29.8,4.920872923,16.87742113,0.016512996,24.13289951,2.299296977,400.687275,0.233903613,0.005086686,2.762004371,0.002004427,45.22454085,24556.33885,41.58209263,0.045224541,24.55633885,0.041582093,0.001085389,0.589352133,0.00099797,1.085388981,589.3521325,0.997970223,542.9870241,,,,,
6/14/2017,,12,21,,,,,,,,,416.5855341,0.261476747,,,,,,,,,,,,,,,,,,,,,
6/14/2017,,24,21,,,,,,,,2.456677343,465.7306012,0.287918832,,,,,,,,,,,,,,,,,,,,,
6/14/2017,,36,21,,,,,,,,2.473592688,494.7857608,0.305266675,,,,,,,,,,,,,,,,,,,,,
6/14/2017,13T,0,23,23.75,7.25,29.8,4.920872923,16.87742113,0.016512996,24.3585173,,448.6452024,0.25398737,0.00505205,2.740037892,0.001166458,44.50056403,24135.39884,23.97417609,0.044500564,24.13539884,0.023974176,0.001068014,0.579249572,0.00057538,1.068013537,579.2495721,0.575380226,542.3616389,,,,,
6/14/2017,,12,24,,,,,,,,2.358974313,503.874905,0.256448165,,,,,,,,,,,,,,,,,,,,,
6/14/2017,,24,24,,,,,,,,2.423793914,525.5473429,0.276195665,,,,,,,,,,,,,,,,,,,,,
6/14/2017,,36,24,,,,,,,,2.480223503,551.0225721,0.294063178,,,,,,,,,,,,,,,,,,,,,
6/14/2017,14T,0,25,25,7.25,29.8,4.920872923,16.87742113,0.016512996,24.46107084,2.504310954,393.9499063,0.216036099,0.011412219,-1.907965317,0.00200137,100.1021481,-16735.69571,40.96166024,0.100102148,-16.73569571,0.04096166,0.002402452,-0.401656697,0.00098308,2.402451554,-401.6566971,0.983079846,167.1861796,,,,,
6/14/2017,,12,25,,,,,,,,2.699852337,374.977691,0.251251455,,,,,,,,,,,,,,,,,,,,,
6/14/2017,,24,25,,,,,,,,2.778204213,364.9551201,0.270861395,,,,,,,,,,,,,,,,,,,,,
6/14/2017,,36,25,,,,,,,,,320.9721506,0.289554268,,,,,,,,,,,,,,,,,,,,,
6/14/2017,15T,0,25,25,7.25,29.8,4.920872923,16.87742113,0.016512996,24.46107084,,460.457678,0.243227123,-0.004403628,1.461294007,0.001471892,-38.62637244,12817.72348,30.12492427,-0.038626372,12.81772348,0.030124924,-0.000927033,0.307625364,0.000722998,-0.927032939,307.6253635,0.722998182,331.838655,,,,,
6/14/2017,,12,25,,,,,,,,2.482118022,485.4556074,0.252703477,,,,,,,,,,,,,,,,,,,,,
6/14/2017,,24,25,,,,,,,,2.436920221,,0.280353033,,,,,,,,,,,,,,,,,,,,,
6/14/2017,,36,25,,,,,,,,2.376430949,514.5567425,0.292886276,,,,,,,,,,,,,,,,,,,,,
7/26/2017,1W,0,30,30,7.25,29.8,4.920872923,16.87742113,0.016512996,24.87128501,5.572183589,417.9035483,0.469304357,4.263771509,10.99031652,-0.004499626,36782.77237,94811.43861,-90.5740357,36.78277237,94.81143861,-0.090574036,0.882786537,2.275474527,-0.002173777,882.7865369,2275.474527,-2.173776857,2.577604474,,,,,
7/26/2017,,12,30,,,,,,,,41.46955112,548.0236663,0.308335448,,,,,,,,,,,,,,,,,,,,,
7/26/2017,,24,30,,,,,,,,116.5056875,693.3473253,0.294913257,,,,,,,,,,,,,,,,,,,,,
7/26/2017,,36,30,,,,,,,,151.1109985,809.0749893,0.293793389,,,,,,,,,,,,,,,,,,,,,
7/26/2017,2W,0,28,28,7.25,29.8,4.920872923,16.87742113,0.016512996,24.70719934,8.202497813,380.04786,0.268166256,15.83284144,12.51173336,0.003288309,137494.1131,108653.2501,66.63074581,137.4941131,108.6532501,0.066630746,3.299858714,2.607678002,0.001599138,3299.858714,2607.678002,1.5991379,0.790239288,,,,,
7/26/2017,,12,28,,,,,,,,207.7854213,614.0169869,0.29303058,,,,,,,,,,,,,,,,,,,,,
7/26/2017,,24,28,,,,,,,,408.674037,707.0520564,,,,,,,,,,,,,,,,,,,,,,
7/26/2017,,36,28,,,,,,,,574.5532837,849.5055044,0.38362631,,,,,,,,,,,,,,,,,,,,,
7/26/2017,3W,0,28,28,7.25,29.8,4.920872923,16.87742113,0.016512996,24.70719934,3.072235928,365.5291867,0.260229797,12.72098877,9.633730592,0.000908009,110470.4468,83660.36179,18.39891854,110.4704468,83.66036179,0.018398919,2.651290722,2.007848683,0.000441574,2651.290722,2007.848683,0.441574045,0.757309889,,,,,
7/26/2017,,12,28,,,,,,,,477.7341923,,,,,,,,,,,,,,,,,,,,,,,
7/26/2017,,24,28,,,,,,,,482.5091923,574.0938473,0.289232766,,,,,,,,,,,,,,,,,,,,,
7/26/2017,,36,28,,,,,,,,510.3201199,718.0047064,0.291115443,,,,,,,,,,,,,,,,,,,,,
7/26/2017,4W,0,25,25,7.25,29.8,4.920872923,16.87742113,0.016512996,24.46107084,3.324399142,359.4565021,0.251043631,15.91506804,12.1808101,0.000982107,139598.8352,106843.8349,20.10058964,139.5988352,106.8438349,0.02010059,3.350372046,2.564252037,0.000482414,3350.372046,2564.252037,0.482414151,0.765363369,,,,,
7/26/2017,,12,25,,,,,,,,141.3715786,573.8324865,,,,,,,,,,,,,,,,,,,,,,
7/26/2017,,24,25,,,,,,,,411.6765195,696.3591018,0.282951765,,,,,,,,,,,,,,,,,,,,,
7/26/2017,,36,25,,,,,,,,549.8254737,805.8467008,0.284315083,,,,,,,,,,,,,,,,,,,,,
7/26/2017,5W,0,28,28.5,7.25,29.8,4.920872923,16.87742113,0.016512996,24.74822076,2.93888288,380.8979668,0.267922806,5.338480244,10.14239363,0.000646494,46283.09778,87931.6537,13.07814412,46.28309778,87.9316537,0.013078144,1.110794347,2.110359689,0.000313875,1110.794347,2110.359689,0.313875459,1.899865349,,,,,
7/26/2017,,12,28,,,,,,,,98.71090957,538.2107971,0.285808241,,,,,,,,,,,,,,,,,,,,,
7/26/2017,,24,29,,,,,,,,150.2911382,640.7854786,0.288989316,,,,,,,,,,,,,,,,,,,,,
7/26/2017,,36,29,,,,,,,,199.2846831,752.4021515,0.292722211,,,,,,,,,,,,,,,,,,,,,
7/26/2017,6T,0,28,27.75,7.25,29.8,4.920872923,16.87742113,0.016512996,24.68668863,2.383007123,474.6603737,0.254533076,0.007623111,3.596984056,0.000919022,66.25492676,31262.55248,18.63754979,0.066254927,31.26255248,0.01863755,0.001590118,0.75030126,0.000447301,1.590118242,750.3012596,0.447301195,471.8524948,,,,,
7/26/2017,,12,27,,,,,,,,2.607253195,,0.263005123,,,,,,,,,,,,,,,,,,,,,
7/26/2017,,24,28,,,,,,,,,552.2752711,,,,,,,,,,,,,,,,,,,,,,
7/26/2017,,36,28,,,,,,,,2.683992875,606.3299797,0.287106639,,,,,,,,,,,,,,,,,,,,,
7/26/2017,7T,0,28,28,7.25,29.8,4.920872923,16.87742113,0.016512996,24.70719934,,,0.267711817,0.004149699,-4.317237542,-0.000141143,36.03643892,-37491.35927,-2.859966281,0.036036439,-37.49135927,-0.002859966,0.000864875,-0.899792622,-6.86392E-05,0.864874534,-899.7926224,-0.068639191,1040.373588,,,,,
7/26/2017,,12,28,,,,,,,,2.32756238,432.6898875,0.268052646,,,,,,,,,,,,,,,,,,,,,
7/26/2017,,24,28,,,,,,,,2.377034153,428.596265,,,,,,,,,,,,,,,,,,,,,,
7/26/2017,,36,28,,,,,,,,2.427155163,329.0761865,0.263037583,,,,,,,,,,,,,,,,,,,,,
7/26/2017,8T,0,28,28,7.25,29.8,4.920872923,16.87742113,0.016512996,24.70719934,2.805399984,,0.853987263,-0.02297754,-1.498889283,-0.013455424,-199.5394481,-13016.51718,-272.6461681,-0.199539448,-13.01651718,-0.272646168,-0.004788947,-0.312396412,-0.006543508,-4.788946754,-312.3964123,-6.543508034,65.23280135,,,,,
7/26/2017,,12,28,,,,,,,,2.41533907,437.6894103,0.326594172,,,,,,,,,,,,,,,,,,,,,
7/26/2017,,24,28,,,,,,,,2.253939031,420.933764,,,,,,,,,,,,,,,,,,,,,,
7/26/2017,,36,28,,,,,,,,,401.7160675,0.296406415,,,,,,,,,,,,,,,,,,,,,
7/26/2017,9T,0,26,26,7.25,29.8,4.920872923,16.87742113,0.016512996,24.54311367,2.099031352,475.941601,0.269886633,0.023579165,-0.7229824,0.000255912,206.1329988,-6320.432925,5.220192006,0.206132999,-6.320432925,0.005220192,0.004947192,-0.15169039,0.000125285,4.947191971,-151.6903902,0.125284608,30.66191712,,,,,
7/26/2017,,12,26,,,,,,,,2.466498857,475.5564001,,,,,,,,,,,,,,,,,,,,,,
7/26/2017,,24,26,,,,,,,,2.685680888,469.3348933,0.278472291,,,,,,,,,,,,,,,,,,,,,
7/26/2017,,36,26,,,,,,,,2.969137271,449.0961406,0.278488521,,,,,,,,,,,,,,,,,,,,,
7/26/2017,10T,0,25,25,7.25,29.8,4.920872923,16.87742113,0.016512996,24.46107084,2.167980201,433.4417312,0.262307234,0.06113205,6.465494171,0.001234927,536.2190697,56712.00735,25.27501883,0.53621907,56.71200735,0.025275019,0.012869258,1.361088176,0.0006066,12.86925767,1361.088176,0.606600452,105.7627573,,,,,
7/26/2017,,12,25,,,,,,,,3.848462341,454.2870743,,,,,,,,,,,,,,,,,,,,,,
7/26/2017,,24,25,,,,,,,,4.120751867,565.5980133,0.290466244,,,,,,,,,,,,,,,,,,,,,
7/26/2017,,36,25,,,,,,,,4.522499026,654.9578517,0.30713443,,,,,,,,,,,,,,,,,,,,,
7/26/2017,11T,0,25,25,7.25,29.8,4.920872923,16.87742113,0.016512996,24.46107084,2.430661037,428.8165837,0.269107595,-0.005915775,2.854932233,0.001333834,-51.89015628,25042.00507,27.29931348,-0.051890156,25.04200507,0.027299313,-0.001245364,0.601008122,0.000655184,-1.245363751,601.0081217,0.655183524,482.5964473,,,,,
7/26/2017,,12,25,,,,,,,,2.359764479,432.2749459,0.2864899,,,,,,,,,,,,,,,,,,,,,
7/26/2017,,24,25,,,,,,,,,478.8447647,0.298435162,,,,,,,,,,,,,,,,,,,,,
7/26/2017,,36,25,,,,,,,,2.217711669,527.4906001,0.318479184,,,,,,,,,,,,,,,,,,,,,
7/26/2017,12T,0,25,25,7.25,29.8,4.920872923,16.87742113,0.016512996,24.46107084,,379.3537131,0.268182486,-0.006232664,10.67692735,0.004722517,-54.66974349,93652.54481,96.6548503,-0.054669743,93.65254481,0.09665485,-0.001312074,2.247661075,0.002319716,-1.312073844,2247.661075,2.319716407,1713.059891,,,,,
7/26/2017,,12,25,,,,,,,,2.3311981,471.8831915,0.325880053,,,,,,,,,,,,,,,,,,,,,
7/26/2017,,24,25,,,,,,,,2.203818022,635.7200505,0.381289193,,,,,,,,,,,,,,,,,,,,,
7/26/2017,,36,25,,,,,,,,2.181614155,751.8185209,0.438613471,,,,,,,,,,,,,,,,,,,,,
7/26/2017,13T,0,25,25,7.25,29.8,4.920872923,16.87742113,0.016512996,24.46107084,2.170836839,438.8880776,0.282903075,0.007352596,4.256140325,0.001007476,64.49321334,37332.68564,20.61981227,0.064493213,37.33268564,0.020619812,0.001547837,0.895984455,0.000494875,1.54783712,895.9844554,0.494875495,578.8622353,,,,,
7/26/2017,,12,25,,,,,,,,2.316265675,473.832037,0.296309035,,,,,,,,,,,,,,,,,,,,,
7/26/2017,,24,25,,,,,,,,2.408976558,543.0329467,0.310477805,,,,,,,,,,,,,,,,,,,,,
7/26/2017,,36,25,,,,,,,,2.434037063,586.0667207,0.318479184,,,,,,,,,,,,,,,,,,,,,
7/26/2017,14T,0,25,25,7.25,29.8,4.920872923,16.87742113,0.016512996,24.46107084,2.358466007,414.397839,0.274268727,0.014104649,4.252151113,0.000929842,123.7187689,37297.69432,19.03090492,0.123718769,37.29769432,0.019030905,0.00296925,0.895144664,0.000456742,2.969250453,895.1446636,0.456741718,301.4715928,,,,,
7/26/2017,,12,25,,,,,,,,2.57115568,456.2963528,,,,,,,,,,,,,,,,,,,,,,
7/26/2017,,24,25,,,,,,,,2.696977592,523.6730898,0.284347543,,,,,,,,,,,,,,,,,,,,,
7/26/2017,,36,25,,,,,,,,,562.0249712,0.310802405,,,,,,,,,,,,,,,,,,,,,
7/26/2017,15T,0,25,25,7.25,29.8,4.920872923,16.87742113,0.016512996,24.46107084,2.215634115,413.2611512,0.273651988,0.014905374,4.065223174,0.001463538,130.7423124,35658.05806,29.95395207,0.130742312,35.65805806,0.029953952,0.003137815,0.855793393,0.000718895,3.137815497,855.7933935,0.71889485,272.7354092,,,,,
7/26/2017,,12,25,,,,,,,,2.365737449,437.7745876,0.281393687,,,,,,,,,,,,,,,,,,,,,
7/26/2017,,24,25,,,,,,,,2.573363082,522.6139656,0.31411332,,,,,,,,,,,,,,,,,,,,,
7/26/2017,,36,25,,,,,,,,,547.5902855,0.32128697,,,,,,,,,,,,,,,,,,,,,
8/18/2017,1W,0,30,30,7.25,29.8,4.920872923,16.87742113,0.016512996,24.87128501,4.599535241,483.2451746,1.279231393,5.96768782,7.373203849,-0.023796826,51482.1449,63607.2731,-479.0119663,51.4821449,63.6072731,-0.479011966,1.235571478,1.526574554,-0.011496287,1235.571478,1526.574554,-11.49628719,1.235521038,,,,,
8/18/2017,,12,30,,,,,,,,70.6994338,625.5640982,0.398040575,,,,,,,,,,,,,,,,,,,,,
8/18/2017,,24,30,,,,,,,,188.3663921,683.0923663,0.342789532,,,,,,,,,,,,,,,,,,,,,
8/18/2017,,36,30,,,,,,,,204.0847286,758.9972392,0.345775354,,,,,,,,,,,,,,,,,,,,,
8/18/2017,2W,0,26,25.25,7.25,29.8,4.920872923,16.87742113,0.016512996,24.48158155,7.024704143,446.6559568,0.285245804,28.43545608,13.47944496,0.000251596,249212.3086,118135.7383,5.145042725,249.2123086,118.1357383,0.005145043,5.981095406,2.835257719,0.000123481,5981.095406,2835.257719,0.123481025,0.474036531,,,,,
8/18/2017,,12,25,,,,,,,,,,,,,,,,,,,,,,,,,,,,,,,
8/18/2017,,24,25,,,,,,,,575.1939937,750.5408715,0.281766788,,,,,,,,,,,,,,,,,,,,,
8/18/2017,,36,25,,,,,,,,1059.271537,936.8214164,0.29668257,,,,,,,,,,,,,,,,,,,,,
8/18/2017,3W,0,26,26,7.25,29.8,4.920872923,16.87742113,0.016512996,24.54311367,14.74568172,459.2359564,,6.677394036,5.851589642,-0.000280476,58374.89421,51155.57424,-5.721263881,58.37489421,51.15557424,-0.005721264,1.400997461,1.227733782,-0.00013731,1400.997461,1227.733782,-0.137310333,0.876328342,,,,,
8/18/2017,,12,26,,,,,,,,88.74310033,557.8235,0.292283814,,,,,,,,,,,,,,,,,,,,,
8/18/2017,,24,26,,,,,,,,204.2011815,625.6385755,0.288538206,,,,,,,,,,,,,,,,,,,,,
8/18/2017,,36,26,,,,,,,,243.3554161,670.6945169,0.285552384,,,,,,,,,,,,,,,,,,,,,
8/18/2017,4W,0,26,27.5,7.25,29.8,4.920872923,16.87742113,0.016512996,24.66617792,107.388824,,0.309745543,24.71826895,13.31052161,-0.00035482,215013.1164,115782.2475,-7.201652292,215.0131164,115.7822475,-0.007201652,5.160314794,2.778773939,-0.00017284,5160.314794,2778.773939,-0.172839655,0.53848923,,,,,
8/18/2017,,12,28,,,,,,,,353.419555,730.7738814,0.289977799,,,,,,,,,,,,,,,,,,,,,
8/18/2017,,24,28,,,,,,,,600.3346059,932.3387329,,,,,,,,,,,,,,,,,,,,,,
8/18/2017,,36,28,,,,,,,,1013.814565,1050.2264,0.293870032,,,,,,,,,,,,,,,,,,,,,
8/18/2017,5W,0,29,29,7.25,29.8,4.920872923,16.87742113,0.016512996,24.78924217,45.58099239,537.6334788,0.322142037,21.15806599,9.903905353,-0.001100482,183130.8358,85721.94008,-22.22518692,183.1308358,85.72194008,-0.022225187,4.395140059,2.057326562,-0.000533404,4395.140059,2057.326562,-0.533404486,0.46809124,,,,,
8/18/2017,,12,29,,,,,,,,55.26443297,784.7001426,,,,,,,,,,,,,,,,,,,,,,
8/18/2017,,24,29,,,,,,,,676.0142951,847.4313252,0.291510699,,,,,,,,,,,,,,,,,,,,,
8/18/2017,,36,29,,,,,,,,684.9870111,912.8792987,0.283579608,,,,,,,,,,,,,,,,,,,,,
8/18/2017,6T,0,25,25.75,7.25,29.8,4.920872923,16.87742113,0.016512996,24.52260297,3.547422784,685.5445852,0.277607964,-0.028485655,12.67844679,0.001735954,-249.2346402,110929.8041,35.44027452,-0.24923464,110.9298041,0.035440275,-0.005981631,2.662315298,0.000850567,-5.981631366,2662.315298,0.850566589,445.0818071,,,,,
8/18/2017,,12,26,,,,,,,,3.02664575,776.6946109,0.297628969,,,,,,,,,,,,,,,,,,,,,
8/18/2017,,24,26,,,,,,,,2.863767065,931.3664137,0.303280704,,,,,,,,,,,,,,,,,,,,,
8/18/2017,,36,26,,,,,,,,,1141.125189,0.345162194,,,,,,,,,,,,,,,,,,,,,
8/18/2017,7T,0,28,28,7.25,29.8,4.920872923,16.87742113,0.016512996,24.70719934,2.977269752,,0.316050426,-0.014051974,-7.549813208,-9.88609E-05,-122.0288691,-65563.39711,-2.003210951,-0.122028869,-65.56339711,-0.002003211,-0.002928693,-1.573521531,-4.80771E-05,-2.928692859,-1573.521531,-0.048077063,537.2777571,,,,,
8/18/2017,,12,28,,,,,,,,2.828054865,1227.332616,0.318663021,,,,,,,,,,,,,,,,,,,,,
8/18/2017,,24,28,,,,,,,,2.64002237,1117.628233,,,,,,,,,,,,,,,,,,,,,,
8/18/2017,,36,28,,,,,,,,,1046.137099,0.313251218,,,,,,,,,,,,,,,,,,,,,
8/18/2017,8T,0,26,26,7.25,29.8,4.920872923,16.87742113,0.016512996,24.54311367,,760.331589,0.26242559,0.005563857,5.930085192,0.010189119,48.64016923,51841.79545,207.8416158,0.048640169,51.84179545,0.207841616,0.001167364,1.244203091,0.004988199,1.167364062,1244.203091,4.988198779,1065.822678,,,,,
8/18/2017,,12,26,,,,,,,,2.588317316,875.0519132,0.403732299,,,,,,,,,,,,,,,,,,,,,
8/18/2017,,24,26,,,,,,,,2.612073692,902.6536336,0.524578126,,,,,,,,,,,,,,,,,,,,,
8/18/2017,,36,26,,,,,,,,2.721849889,,0.629708397,,,,,,,,,,,,,,,,,,,,,
8/18/2017,9T,0,26,26,7.25,29.8,4.920872923,16.87742113,0.016512996,24.54311367,4.914578951,520.1813858,0.286792033,0.149223205,-2.156466314,0.00160288,1304.534185,-18852.18879,32.6961726,1.304534185,-18.85218879,0.032696173,0.03130882,-0.452452531,0.000784708,31.30882043,-452.4525309,0.784708142,14.45128001,,,,,
8/18/2017,,12,26,,,,,,,,,488.2848066,0.326714078,,,,,,,,,,,,,,,,,,,,,
8/18/2017,,24,26,,,,,,,,7.533835894,,0.327633818,,,,,,,,,,,,,,,,,,,,,
8/18/2017,,36,26,,,,,,,,10.52713931,441.3448018,0.350600656,,,,,,,,,,,,,,,,,,,,,
8/18/2017,10T,0,25,25,7.25,29.8,4.920872923,16.87742113,0.016512996,24.46107084,2.680547953,,0.287365205,2.106420839,-4.322681388,0.001978996,18476.44603,-37916.3498,40.50372653,18.47644603,-37.9163498,0.040503727,0.443434705,-0.909992395,0.000972089,443.4347047,-909.9923952,0.972089437,2.052145188,,,,,
8/18/2017,,12,25,,,,,,,,54.54393735,528.4818476,0.303840546,,,,,,,,,,,,,,,,,,,,,
8/18/2017,,24,25,,,,,,,,65.70221016,523.3153914,0.334218622,,,,,,,,,,,,,,,,,,,,,
8/18/2017,,36,25,,,,,,,,83.21795723,424.7374943,0.356399017,,,,,,,,,,,,,,,,,,,,,
8/18/2017,11T,0,25,25,7.25,29.8,4.920872923,16.87742113,0.016512996,24.46107084,2.388484268,488.3980121,0.290950857,0.006134476,4.796517918,0.001821485,53.80848559,42072.60145,37.27997923,0.053808486,42.07260145,0.037279979,0.001291404,1.009742435,0.00089472,1.291403654,1009.742435,0.894719502,781.8952902,,,,,
8/18/2017,,12,25,,,,,,,,2.706167575,577.3996863,0.311984909,,,,,,,,,,,,,,,,,,,,,
8/18/2017,,24,25,,,,,,,,2.677908356,627.3106978,0.341976428,,,,,,,,,,,,,,,,,,,,,
8/18/2017,,36,25,,,,,,,,2.643283049,663.621725,0.353813081,,,,,,,,,,,,,,,,,,,,,
8/18/2017,12T,0,26,26,7.25,29.8,4.920872923,16.87742113,0.016512996,24.54311367,2.877275593,482.1219147,0.289551253,-0.004906731,-6.262217388,0.001343192,-42.89545824,-54745.3506,27.39894576,-0.042895458,-54.7453506,0.027398946,-0.001029491,-1.313888414,0.000657575,-1.029490998,-1313.888414,0.657574698,1276.250513,,,,,
8/18/2017,,12,26,,,,,,,,2.774641836,325.1166311,0.302960795,,,,,,,,,,,,,,,,,,,,,
8/18/2017,,24,26,,,,,,,,,270.6629287,,,,,,,,,,,,,,,,,,,,,,
8/18/2017,,36,26,,,,,,,,2.691882695,249.7844533,0.337364399,,,,,,,,,,,,,,,,,,,,,
8/18/2017,13T,0,26,25.25,7.25,29.8,4.920872923,16.87742113,0.016512996,24.48158155,3.70005362,644.1486721,1.161744616,-0.022083522,3.455935617,-0.02155646,-193.5430735,30288.30243,-440.8222584,-0.193543074,30.28830243,-0.440822258,-0.004645034,0.726919258,-0.010579734,-4.645033765,726.9192583,-10.5797342,156.4938588,,,,,
8/18/2017,,12,25,,,,,,,,,656.7716558,0.569552075,,,,,,,,,,,,,,,,,,,,,
8/18/2017,,24,25,,,,,,,,3.082387835,743.8773502,0.404532072,,,,,,,,,,,,,,,,,,,,,
8/18/2017,,36,25,,,,,,,,2.926962131,753.3508653,0.354492889,,,,,,,,,,,,,,,,,,,,,
8/18/2017,14T,0,25,25,7.25,29.8,4.920872923,16.87742113,0.016512996,24.46107084,3.208156887,468.6551385,0.312824672,0.069160039,-6.706859993,0.001489801,606.6364816,-58829.14486,30.4914672,0.606636482,-58.82914486,0.030491467,0.014559276,-1.411899477,0.000731795,14.55927556,-1411.899477,0.731795213,96.97594301,,,,,
8/18/2017,,12,25,,,,,,,,4.872345393,380.3715676,0.350747282,,,,,,,,,,,,,,,,,,,,,
8/18/2017,,24,25,,,,,,,,4.867997821,280.7328298,0.365609745,,,,,,,,,,,,,,,,,,,,,
8/18/2017,,36,25,,,,,,,,,233.5936514,0.367462555,,,,,,,,,,,,,,,,,,,,,
8/18/2017,15T,0,25,25,7.25,29.8,4.920872923,16.87742113,0.016512996,24.46107084,2.656636307,501.5129717,0.30830595,0.010901278,-4.288480929,0.001269086,95.62043684,-37616.36088,25.97412802,0.095620437,-37.61636088,0.025974128,0.00229489,-0.902792661,0.000623379,2.294890484,-902.792661,0.623379073,393.392481,,,,,
8/18/2017,,12,25,,,,,,,,2.774176025,438.1414259,0.318369771,,,,,,,,,,,,,,,,,,,,,
8/18/2017,,24,25,,,,,,,,2.918266987,398.5894294,0.338764003,,,,,,,,,,,,,,,,,,,,,
8/18/2017,,36,25,,,,,,,,,,,,,,,,,,,,,,,,,,,,,,,
9/18/2017,1W,0,23,23,7.25,29.8,4.920872923,16.87742113,0.016512996,24.29698517,2.71849447,441.2826153,0.336501225,8.179977762,8.068878705,0.001409029,72235.13601,71254.05076,29.03307149,72.23513601,71.25405076,0.029033071,1.733643264,1.710097218,0.000696794,1733.643264,1710.097218,0.696793716,0.986418171,,,,,
9/18/2017,,12,23,,,,,,,,174.6053711,617.6026758,0.369004316,,,,,,,,,,,,,,,,,,,,,
9/18/2017,,24,23,,,,,,,,,694.1304444,0.377466909,,,,,,,,,,,,,,,,,,,,,
9/18/2017,,36,23,,,,,,,,311.9431226,738.5285073,0.390041507,,,,,,,,,,,,,,,,,,,,,
9/18/2017,2W,0,23,23,7.25,29.8,4.920872923,16.87742113,0.016512996,24.29698517,26.30574871,468.0155799,0.28572567,17.63014936,10.59669965,-0.001153139,155687.0047,93576.54299,-23.76046541,155.6870047,93.57654299,-0.023760465,3.736488114,2.245837032,-0.000570251,3736.488114,2245.837032,-0.57025117,0.60105558,,,,,
9/18/2017,,12,23,,,,,,,,117.3952384,601.0468566,0.260197551,,,,,,,,,,,,,,,,,,,,,
9/18/2017,,24,23,,,,,,,,341.3800611,727.9294228,0.258050326,,,,,,,,,,,,,,,,,,,,,
9/18/2017,,36,23,,,,,,,,656.8501154,849.5893773,,,,,,,,,,,,,,,,,,,,,,
9/18/2017,3W,0,22,22,7.25,29.8,4.920872923,16.87742113,0.016512996,24.21494234,13.99076709,510.0729643,0.265586665,3.373923862,3.718831445,5.73896E-05,29895.14051,32951.24405,1.186521545,29.89514051,32.95124405,0.001186522,0.717483372,0.790829857,2.84765E-05,717.4833723,790.8298573,0.028476517,1.102227435,,,,,
9/18/2017,,12,22,,,,,,,,,,,,,,,,,,,,,,,,,,,,,,,
9/18/2017,,24,22,,,,,,,,116.8398574,594.7546102,0.265067401,,,,,,,,,,,,,,,,,,,,,
9/18/2017,,36,22,,,,,,,,129.9832967,645.0934735,0.268126846,,,,,,,,,,,,,,,,,,,,,
9/18/2017,4W,0,24,24,7.25,29.8,4.920872923,16.87742113,0.016512996,24.37902801,6.57139636,476.258689,0.274063291,44.41601199,12.68015883,0.001113376,390905.6394,111598.1686,22.8639353,390.9056394,111.5981686,0.022863935,9.381735346,2.678356047,0.000548734,9381.735346,2678.356047,0.548734447,0.285486208,,,,,
9/18/2017,,12,24,,,,,,,,448.8438686,670.9385814,0.297275776,,,,,,,,,,,,,,,,,,,,,
9/18/2017,,24,24,,,,,,,,1072.555684,876.2981218,0.300784313,,,,,,,,,,,,,,,,,,,,,
9/18/2017,,36,24,,,,,,,,,915.011862,,,,,,,,,,,,,,,,,,,,,,
9/18/2017,5W,0,22,22,7.25,29.8,4.920872923,16.87742113,0.016512996,24.21494234,91.74797672,,0.862950259,-1.794919554,2.753604046,-0.015455926,-15904.14439,24398.70704,-319.5487665,-15.90414439,24.39870704,-0.319548766,-0.381699465,0.585568969,-0.00766917,-381.6994655,585.5689689,-7.669170396,1.534110005,,,,,
9/18/2017,,12,22,,,,,,,,49.01190215,571.1343069,0.315674546,,,,,,,,,,,,,,,,,,,,,
9/18/2017,,24,22,,,,,,,,48.66990743,590.1302343,0.266779568,,,,,,,,,,,,,,,,,,,,,
9/18/2017,,36,22,,,,,,,,,637.220804,0.261011532,,,,,,,,,,,,,,,,,,,,,
9/18/2017,6T,0,24,24,7.25,29.8,4.920872923,16.87742113,0.016512996,24.37902801,3.219519608,645.8355,0.293247975,-0.024667635,4.511345935,0.001575584,-217.1000357,39704.38786,32.35569305,-0.217100036,39.70438786,0.032355693,-0.005210401,0.952905309,0.000776537,-5.210400857,952.9053087,0.776536633,182.8852203,,,,,
9/18/2017,,12,24,,,,,,,,,,0.324740607,,,,,,,,,,,,,,,,,,,,,
9/18/2017,,24,24,,,,,,,,2.448589705,810.9174486,,,,,,,,,,,,,,,,,,,,,,
9/18/2017,,36,24,,,,,,,,2.376211397,794.0415421,0.352486122,,,,,,,,,,,,,,,,,,,,,
9/18/2017,7T,0,21,21,7.25,29.8,4.920872923,16.87742113,0.016512996,24.13289951,2.327478592,,0.273979087,0.00375211,5.099439854,0.002890567,33.35913929,45337.93442,59.96517327,0.033359139,45.33793442,0.059965173,0.000800619,1.088110426,0.001439164,0.800619343,1088.110426,1.439164159,1359.085857,,,,,
9/18/2017,,12,21,,,,,,,,,853.5958866,0.325400212,,,,,,,,,,,,,,,,,,,,,
9/18/2017,,24,21,,,,,,,,2.428981239,879.2552647,0.355952557,,,,,,,,,,,,,,,,,,,,,
9/18/2017,,36,21,,,,,,,,2.459691557,975.9824431,0.379417655,,,,,,,,,,,,,,,,,,,,,
9/18/2017,8T,0,25,25,7.25,29.8,4.920872923,16.87742113,0.016512996,24.46107084,2.49688997,635.555738,0.292462062,0.001471836,-4.855532083,0.002702977,12.91019611,-42590.24351,55.32131263,0.012910196,-42.59024351,0.055321313,0.000309845,-1.022165844,0.001327712,0.309844707,-1022.165844,1.327711503,3298.961778,,,,,
9/18/2017,,12,25,,,,,,,,2.483481239,575.0028893,0.329428013,,,,,,,,,,,,,,,,,,,,,
9/18/2017,,24,25,,,,,,,,2.532214044,520.8800864,0.371867283,,,,,,,,,,,,,,,,,,,,,
9/18/2017,,36,25,,,,,,,,,459.375389,0.38643473,,,,,,,,,,,,,,,,,,,,,
9/18/2017,9T,0,21,21,7.25,29.8,4.920872923,16.87742113,0.016512996,24.13289951,3.427571198,652.9681827,0.97553221,0.028512776,3.095384268,-0.025790674,253.500463,27520.34202,-535.0307457,0.253500463,27.52034202,-0.535030746,0.006084011,0.660488209,-0.012840738,6.084011111,660.4882086,-12.8407379,108.5613087,,,,,
9/18/2017,,12,21,,,,,,,,3.600587073,762.4050334,0.375095137,,,,,,,,,,,,,,,,,,,,,
9/18/2017,,24,21,,,,,,,,4.123671735,778.1327812,0.356556025,,,,,,,,,,,,,,,,,,,,,
9/18/2017,,36,21,,,,,,,,4.39372068,771.5409708,,,,,,,,,,,,,,,,,,,,,,
9/18/2017,10T,0,22,22,7.25,29.8,4.920872923,16.87742113,0.016512996,24.21494234,2.382411132,,0.270610891,0.226165391,-2.888530008,0.000900875,2003.971166,-25594.23805,18.62545379,2.003971166,-25.59423805,0.018625454,0.048095308,-0.614261713,0.000447011,48.09530799,-614.2617132,0.447010891,12.77175964,,,,,
9/18/2017,,12,22,,,,,,,,8.626842422,610.4244848,0.288560568,,,,,,,,,,,,,,,,,,,,,
9/18/2017,,24,22,,,,,,,,9.908601696,587.4613102,0.301008859,,,,,,,,,,,,,,,,,,,,,
9/18/2017,,36,22,,,,,,,,11.00177367,541.0997646,0.302496479,,,,,,,,,,,,,,,,,,,,,
9/18/2017,11T,0,22,22,7.25,29.8,4.920872923,16.87742113,0.016512996,24.21494234,,485.0291583,0.271677486,0.003436288,-1.198706438,0.000462074,30.44772292,-10621.31182,9.553313,0.030447723,-10.62131182,0.009553313,0.000730745,-0.254911484,0.00022928,0.73074535,-254.9114838,0.229279512,348.8376406,,,,,
9/18/2017,,12,22,,,,,,,,2.397838381,484.9182559,0.275691253,,,,,,,,,,,,,,,,,,,,,
9/18/2017,,24,22,,,,,,,,2.450464043,483.5662662,0.283185489,,,,,,,,,,,,,,,,,,,,,
9/18/2017,,36,22,,,,,,,,2.480309282,437.531564,0.287662383,,,,,,,,,,,,,,,,,,,,,
9/18/2017,12T,0,22,22,7.25,29.8,4.920872923,16.87742113,0.016512996,24.21494234,2.298354253,469.3279252,0.263116654,0.005301186,-5.135012554,0.000803689,46.971924,-45499.52167,16.61613972,0.046971924,-45.49952167,0.01661614,0.001127326,-1.09198852,0.000398787,1.127326176,-1091.98852,0.398787353,968.6535657,,,,,
9/18/2017,,12,22,,,,,,,,,391.0705887,0.273431755,,,,,,,,,,,,,,,,,,,,,
9/18/2017,,24,22,,,,,,,,2.433450816,362.9329876,0.288111476,,,,,,,,,,,,,,,,,,,,,
9/18/2017,,36,22,,,,,,,,2.487229917,273.3066234,0.290370974,,,,,,,,,,,,,,,,,,,,,
9/18/2017,13T,0,20,20,7.25,29.8,4.920872923,16.87742113,0.016512996,24.05085667,3.100715374,615.8917191,1.056565392,-0.030764385,-5.013912207,-0.019268069,-274.452033,-44729.59187,-401.0820209,-0.274452033,-44.72959187,-0.401082021,-0.006586849,-1.073510205,-0.009625969,-6.586848791,-1073.510205,-9.625968501,162.9778121,,,,,
9/18/2017,,12,20,,,,,,,,2.419753725,472.1375806,0.378308958,,,,,,,,,,,,,,,,,,,,,
9/18/2017,,24,20,,,,,,,,2.362370127,440.8602938,0.314748292,,,,,,,,,,,,,,,,,,,,,
9/18/2017,,36,20,,,,,,,,,425.7609931,0.30702951,,,,,,,,,,,,,,,,,,,,,
9/18/2017,14T,0,22,22,7.25,29.8,4.920872923,16.87742113,0.016512996,24.21494234,3.452658499,554.8163543,0.28234344,0.269755779,-8.369738697,0.001427039,2390.210109,-74161.28065,29.50380283,2.390210109,-74.16128065,0.029503803,0.057365043,-1.779870736,0.000708091,57.36504261,-1779.870736,0.708091268,31.0270969,,,,,
9/18/2017,,12,22,,,,,,,,14.64938085,432.381995,0.315267556,,,,,,,,,,,,,,,,,,,,,
9/18/2017,,24,22,,,,,,,,13.9792327,331.8175929,0.317302508,,,,,,,,,,,,,,,,,,,,,
9/18/2017,,36,22,,,,,,,,14.46627238,253.5482738,0.338746689,,,,,,,,,,,,,,,,,,,,,
9/18/2017,15T,0,22,22,7.25,29.8,4.920872923,16.87742113,0.016512996,24.21494234,2.949038123,477.3571329,0.278512117,-0.02360345,1.434074515,-3.57537E-05,-209.1417877,12706.82472,-0.739201374,-0.209141788,12.70682472,-0.000739201,-0.005019403,0.304963793,-1.77408E-05,-5.019402905,304.9637933,-0.017740833,60.75698625,,,,,
9/18/2017,,12,22,,,,,,,,2.467188911,506.5540433,0.279466439,,,,,,,,,,,,,,,,,,,,,
9/18/2017,,24,22,,,,,,,,2.382555312,518.7140474,,,,,,,,,,,,,,,,,,,,,,
9/18/2017,,36,22,,,,,,,,,530.6667788,0.277501658,,,,,,,,,,,,,,,,,,,,,
10/18/2017,1W,0,21,21,7.25,29.8,4.920872923,16.87742113,0.016512996,24.13289951,3.665877563,394.861254,1.277233518,1.643507558,5.995933053,-0.041147812,14612.04368,53308.44707,-853.6164842,14.61204368,53.30844707,-0.853616484,0.350689048,1.27940273,-0.020486796,350.6890482,1279.40273,-20.48679562,3.648254019,,,,,
10/18/2017,,12,21,,,,,,,,47.37501949,454.3969557,0.358697099,,,,,,,,,,,,,,,,,,,,,
10/18/2017,,24,21,,,,,,,,54.68785441,520.7924737,0.289686019,,,,,,,,,,,,,,,,,,,,,
10/18/2017,,36,21,,,,,,,,66.96856824,612.5667368,,,,,,,,,,,,,,,,,,,,,,
10/18/2017,2W,0,21,21,7.25,29.8,4.920872923,16.87742113,0.016512996,24.13289951,2.489196659,418.3416881,0.253941973,1.480381323,4.155639793,-0.000554826,13161.72624,36946.82745,-11.50993174,13.16172624,36.94682745,-0.011509932,0.31588143,0.886723859,-0.000276238,315.8814298,886.7238588,-0.276238362,2.807141462,,,,,
10/18/2017,,12,21,,,,,,,,36.1222911,445.8638895,0.244934653,,,,,,,,,,,,,,,,,,,,,
10/18/2017,,24,21,,,,,,,,40.67425173,504.9058743,0.240626152,,,,,,,,,,,,,,,,,,,,,
10/18/2017,,36,21,,,,,,,,60.18712938,564.8866182,,,,,,,,,,,,,,,,,,,,,,
10/18/2017,3W,0,23,23,7.25,29.8,4.920872923,16.87742113,0.016512996,24.29698517,2.284855849,360.9789783,,2.858658146,6.563222998,0.001541878,25244.02461,57958.01893,31.77043471,25.24402461,57.95801893,0.031770435,0.605856591,1.390992454,0.00076249,605.8565907,1390.992454,0.762490433,2.295910411,,,,,
10/18/2017,,12,23,,,,,,,,48.41343537,420.7819179,0.228331161,,,,,,,,,,,,,,,,,,,,,
10/18/2017,,24,23,,,,,,,,97.61050458,492.2333371,0.237698773,,,,,,,,,,,,,,,,,,,,,
10/18/2017,,36,23,,,,,,,,100.2321586,599.6907585,0.265336232,,,,,,,,,,,,,,,,,,,,,
10/18/2017,4W,0,23,23,7.25,29.8,4.920872923,16.87742113,0.016512996,24.29698517,3.807084468,355.2562819,,27.74069286,4.153332078,-0.00051104,244970.4363,36676.93438,-10.52999826,244.9704363,36.67693438,-0.010529998,5.879290472,0.880246425,-0.00025272,5879.290472,880.246425,-0.252719958,0.149719839,,,,,
10/18/2017,,12,23,,,,,,,,621.172952,439.2033792,0.253521631,,,,,,,,,,,,,,,,,,,,,
10/18/2017,,24,23,,,,,,,,739.8403362,478.7145463,0.247997142,,,,,,,,,,,,,,,,,,,,,
10/18/2017,,36,23,,,,,,,,1073.879004,508.219176,0.241256664,,,,,,,,,,,,,,,,,,,,,
10/18/2017,5W,0,21,21,7.25,29.8,4.920872923,16.87742113,0.016512996,24.13289951,4.134055746,380.9984328,0.801211694,29.007633,9.343610235,-0.014346783,257900.1224,83071.86675,-297.625806,257.9001224,83.07186675,-0.297625806,6.189602939,1.993724802,-0.007143019,6189.602939,1993.724802,-7.143019344,0.322108675,,,,,
10/18/2017,,12,21,,,,,,,,725.0718182,586.2166255,0.295090411,,,,,,,,,,,,,,,,,,,,,
10/18/2017,,24,21,,,,,,,,891.857178,671.8131079,0.258926023,,,,,,,,,,,,,,,,,,,,,
10/18/2017,,36,21,,,,,,,,1108.844256,726.2106814,0.239395152,,,,,,,,,,,,,,,,,,,,,
10/18/2017,6T,0,21,21,7.25,29.8,4.920872923,16.87742113,0.016512996,24.13289951,,456.0957243,0.295570801,0.005169143,16.46614365,0.00414687,45.95764592,146396.6558,86.02732998,0.045957646,146.3966558,0.08602733,0.001102984,3.513519739,0.002064656,1.102983502,3513.519739,2.06465592,3185.468987,,,,,
10/18/2017,,12,21,,,,,,,,2.309407923,729.9765864,0.372613407,,,,,,,,,,,,,,,,,,,,,
10/18/2017,,24,21,,,,,,,,2.343313169,876.7316917,0.40676616,,,,,,,,,,,,,,,,,,,,,
10/18/2017,,36,21,,,,,,,,2.433467347,1065.823102,0.450061343,,,,,,,,,,,,,,,,,,,,,
10/18/2017,7T,0,24,24,7.25,29.8,4.920872923,16.87742113,0.016512996,24.37902801,2.019719425,633.7248471,0.279672882,0.011323399,5.742719578,0.001174329,99.65731969,50541.71611,24.11565416,0.09965732,50.54171611,0.024115654,0.002391776,1.213001187,0.000578776,2.391775673,1213.001187,0.5787757,507.1550817,,,,,
10/18/2017,,12,24,,,,,,,,2.186777456,740.5509159,0.298918522,,,,,,,,,,,,,,,,,,,,,
10/18/2017,,24,24,,,,,,,,2.291481012,805.9577007,0.318419368,,,,,,,,,,,,,,,,,,,,,
10/18/2017,,36,24,,,,,,,,,841.6313686,0.320145771,,,,,,,,,,,,,,,,,,,,,
10/18/2017,8T,0,22,21.25,7.25,29.8,4.920872923,16.87742113,0.016512996,24.15341021,,,0.242892994,-0.006506083,-6.5808774,0.001843248,-57.79495321,-58459.36629,38.20593464,-0.057794953,-58.45936629,0.038205935,-0.001387079,-1.403024791,0.000916942,-1.387078877,-1403.024791,0.916942431,1011.49604,,,,,
10/18/2017,,12,21,,,,,,,,2.260173869,541.1245328,0.268849087,,,,,,,,,,,,,,,,,,,,,
10/18/2017,,24,21,,,,,,,,2.145467616,455.6751376,0.291607581,,,,,,,,,,,,,,,,,,,,,
10/18/2017,,36,21,,,,,,,,2.104027872,383.1834752,0.309036744,,,,,,,,,,,,,,,,,,,,,
10/18/2017,9T,0,22,22,7.25,29.8,4.920872923,16.87742113,0.016512996,24.21494234,2.75576204,466.0443719,0.921129141,0.040204563,0.607392937,-0.025500722,356.2383495,5381.892995,-527.2232925,0.35623835,5.381892995,-0.527223293,0.00854972,0.129165432,-0.012653359,8.549720388,129.1654319,-12.65335902,15.10756212,,,,,
10/18/2017,,12,22,,,,,,,,3.416849379,472.7192955,0.32717148,,,,,,,,,,,,,,,,,,,,,
10/18/2017,,24,22,,,,,,,,3.911268403,,0.309111805,,,,,,,,,,,,,,,,,,,,,
10/18/2017,,36,22,,,,,,,,4.199138229,487.7877593,,,,,,,,,,,,,,,,,,,,,,
10/18/2017,10T,0,20,20,7.25,29.8,4.920872923,16.87742113,0.016512996,24.05085667,1.99036086,436.7818158,0.276625406,1.235035383,1.027691597,0.003828486,11017.86915,9168.135339,79.69334726,11.01786915,9.168135339,0.079693347,0.26442886,0.220035248,0.00191264,264.4288595,220.0352481,1.912640334,0.832115105,,,,,
10/18/2017,,12,20,,,,,,,,20.30335052,468.336215,0.335263056,,,,,,,,,,,,,,,,,,,,,
10/18/2017,,24,20,,,,,,,,35.5327815,468.635824,0.382371337,,,,,,,,,,,,,,,,,,,,,
10/18/2017,,36,20,,,,,,,,46.31529917,477.78961,0.414062089,,,,,,,,,,,,,,,,,,,,,
10/18/2017,11T,0,20,20.5,7.25,29.8,4.920872923,16.87742113,0.016512996,24.09187809,,439.033018,,0.001472258,-4.538417996,0.001534372,13.11179497,-40418.72375,31.8849337,0.013111795,-40.41872375,0.031884934,0.000314683,-0.97004937,0.000765238,0.314683079,-970.0493701,0.765238409,3082.62323,,,,,
10/18/2017,,12,20,,,,,,,,2.003351376,366.4529851,0.328717737,,,,,,,,,,,,,,,,,,,,,
10/18/2017,,24,21,,,,,,,,2.01932971,330.1109861,0.334752641,,,,,,,,,,,,,,,,,,,,,
10/18/2017,,36,21,,,,,,,,2.038685578,,0.365542662,,,,,,,,,,,,,,,,,,,,,
10/18/2017,12T,0,20,20,7.25,29.8,4.920872923,16.87742113,0.016512996,24.05085667,,395.3795444,0.241782091,0.004703649,-4.308861818,0.003600301,41.96170589,-38439.76971,74.94346495,0.041961706,-38.43976971,0.074943465,0.001007081,-0.922554473,0.001798643,1.007080941,-922.554473,1.798643159,916.0678502,,,,,
10/18/2017,,12,20,,,,,,,,1.943724909,329.1820329,0.270050062,,,,,,,,,,,,,,,,,,,,,
10/18/2017,,24,20,,,,,,,,1.996206592,,0.330894506,,,,,,,,,,,,,,,,,,,,,
10/18/2017,,36,20,,,,,,,,2.05661249,237.362285,0.365512637,,,,,,,,,,,,,,,,,,,,,
10/18/2017,13T,0,21,21,7.25,29.8,4.920872923,16.87742113,0.016512996,24.13289951,2.16092633,,0.290886995,-0.002148848,-0.692442054,0.002055545,-19.10490629,-6156.341351,42.64254448,-0.019104906,-6.156341351,0.042642544,-0.000458518,-0.147752192,0.001023421,-0.458517751,-147.7521924,1.023421068,322.2387621,,,,,
10/18/2017,,12,21,,,,,,,,,467.2191793,0.311183488,,,,,,,,,,,,,,,,,,,,,
10/18/2017,,24,21,,,,,,,,2.138712548,465.9900264,0.346312034,,,,,,,,,,,,,,,,,,,,,
10/18/2017,,36,21,,,,,,,,2.076228168,450.60057,0.361399295,,,,,,,,,,,,,,,,,,,,,
10/18/2017,14T,0,21,21,7.25,29.8,4.920872923,16.87742113,0.016512996,24.13289951,2.813310024,408.8550951,1.169250769,0.365921174,2.97727242,-0.024031028,3253.3201,26470.23704,-498.5266638,3.2533201,26.47023704,-0.498526664,0.078079682,0.635285689,-0.01196464,78.0796824,635.285689,-11.96463993,8.136376449,,,,,
10/18/2017,,12,21,,,,,,,,13.4295491,501.6635762,0.424615665,,,,,,,,,,,,,,,,,,,,,
10/18/2017,,24,21,,,,,,,,15.90086478,514.9567151,0.268218574,,,,,,,,,,,,,,,,,,,,,
10/18/2017,,36,21,,,,,,,,16.62638508,523.5149456,0.260142011,,,,,,,,,,,,,,,,,,,,,
10/18/2017,15T,0,20,20,7.25,29.8,4.920872923,16.87742113,0.016512996,24.05085667,1.916834542,400.3147041,0.271611331,0.005250333,2.207646012,0.000723088,46.83872774,19694.62189,15.05171248,0.046838728,19.69462189,0.015051712,0.001124129,0.472670925,0.000361241,1.124129466,472.6709253,0.3612411,420.4773024,,,,,
10/18/2017,,12,20,,,,,,,,2.036996811,456.2886507,0.279988138,,,,,,,,,,,,,,,,,,,,,
10/18/2017,,24,20,,,,,,,,,470.0613293,,,,,,,,,,,,,,,,,,,,,,
10/18/2017,,36,20,,,,,,,,2.117278197,484.0296517,0.297582436,,,,,,,,,,,,,,,,,,,,,
11/21/2017,1W,0,14,14,7.25,29.8,4.920872923,16.87742113,0.016512996,23.55859967,2.159937724,384.898982,,0.296808309,3.410168862,0.001542759,2703.182347,31058.12065,32.78491547,2.703182347,31.05812065,0.032784915,0.064876376,0.745394896,0.000786838,64.87637633,745.3948956,0.786837971,11.48946562,,,,,
11/21/2017,,12,14,,,,,,,,6.736397224,438.1775705,0.232386249,,,,,,,,,,,,,,,,,,,,,
11/21/2017,,24,14,,,,,,,,10.21218102,484.1812771,0.250824235,,,,,,,,,,,,,,,,,,,,,
11/21/2017,,36,14,,,,,,,,12.87367548,505.9711676,0.269412457,,,,,,,,,,,,,,,,,,,,,
11/21/2017,2W,0,10,10,7.25,29.8,4.920872923,16.87742113,0.016512996,23.23042834,,423.2666363,0.198583273,0.092378682,2.497952134,-0.000492818,853.2244703,23071.49064,-10.62073827,0.85322447,23.07149064,-0.010620738,0.020477387,0.553715775,-0.000254898,20.47738729,553.7157753,-0.254897718,27.04035274,,,,,
11/21/2017,,12,10,,,,,,,,4.201838774,467.5747296,0.198146225,,,,,,,,,,,,,,,,,,,,,
11/21/2017,,24,10,,,,,,,,4.693845887,484.0192043,0.186755646,,,,,,,,,,,,,,,,,,,,,
11/21/2017,,36,10,,,,,,,,6.418927131,517.7032301,,,,,,,,,,,,,,,,,,,,,,
11/21/2017,3W,0,11,11,7.25,29.8,4.920872923,16.87742113,0.016512996,23.31247117,2.645832139,391.5813488,0.185758629,0.01061129,2.271541211,-0.00015682,97.66267605,20906.48729,-3.367750324,0.097662676,20.90648729,-0.00336775,0.002343904,0.501755695,-8.0826E-05,2.343904225,501.7556949,-0.080826008,214.0683435,,,,,
11/21/2017,,12,11,,,,,,,,,,,,,,,,,,,,,,,,,,,,,,,
11/21/2017,,24,11,,,,,,,,2.892811126,446.6665054,0.189459884,,,,,,,,,,,,,,,,,,,,,
11/21/2017,,36,11,,,,,,,,3.02976156,473.2147905,0.178246857,,,,,,,,,,,,,,,,,,,,,
11/21/2017,4W,0,10,10,7.25,29.8,4.920872923,16.87742113,0.016512996,23.23042834,2.52162733,382.2228105,0.192505567,0.055724173,1.626579063,-0.000363524,514.6774932,15023.34777,-7.834327549,0.514677493,15.02334777,-0.007834328,0.01235226,0.360560346,-0.000188024,12.35225984,360.5603464,-0.188023861,29.18982851,,,,,
11/21/2017,,12,10,,,,,,,,3.158518378,422.7271501,0.178820483,,,,,,,,,,,,,,,,,,,,,
11/21/2017,,24,10,,,,,,,,3.777461505,437.3709091,0.178670248,,,,,,,,,,,,,,,,,,,,,
11/21/2017,,36,10,,,,,,,,4.544279886,442.40472,0.178014675,,,,,,,,,,,,,,,,,,,,,
11/21/2017,5W,0,12,12,7.25,29.8,4.920872923,16.87742113,0.016512996,23.394514,2.179706447,401.8509344,0.808785022,5.269770102,2.120093851,-0.015471292,48331.06911,19444.18835,-331.0839235,48.33106911,19.44418835,-0.331083924,1.159945659,0.46666052,-0.007946014,1159.945659,466.6605203,-7.946014164,0.402312399,,,,,
11/21/2017,,12,12,,,,,,,,41.48325491,,0.22148735,,,,,,,,,,,,,,,,,,,,,
11/21/2017,,24,12,,,,,,,,150.3447671,489.3680837,0.215286723,,,,,,,,,,,,,,,,,,,,,
11/21/2017,,36,12,,,,,,,,176.6833398,469.0155888,0.192000229,,,,,,,,,,,,,,,,,,,,,
11/21/2017,6T,0,12,12.5,7.25,29.8,4.920872923,16.87742113,0.016512996,23.43553542,3.436451024,401.1928497,0.216215452,-0.0389189,2.517580787,0.006547306,-356.3152754,23049.27641,139.8663755,-0.356315275,23.04927641,0.139866375,-0.008551567,0.553182634,0.003356793,-8.551566609,553.1826338,3.356793012,64.68787055,,,,,
11/21/2017,,12,12,,,,,,,,,,0.272253273,,,,,,,,,,,,,,,,,,,,,
11/21/2017,,24,13,,,,,,,,2.435399279,469.1485195,0.342822959,,,,,,,,,,,,,,,,,,,,,
11/21/2017,,36,13,,,,,,,,2.052120146,489.9423253,0.454584473,,,,,,,,,,,,,,,,,,,,,
11/21/2017,7T,0,10,10,7.25,29.8,4.920872923,16.87742113,0.016512996,23.23042834,2.067596976,,0.206655014,0.003715151,-0.094209033,0.00317987,34.31373966,-870.129896,68.52951609,0.03431374,-0.870129896,0.068529516,0.00082353,-0.020883118,0.001644708,0.823529752,-20.8831175,1.644708386,25.35806078,,,,,
11/21/2017,,12,10,,,,,,,,2.113897407,430.4998356,0.258663794,,,,,,,,,,,,,,,,,,,,,
11/21/2017,,24,10,,,,,,,,,428.9315396,0.283780429,,,,,,,,,,,,,,,,,,,,,
11/21/2017,,36,10,,,,,,,,2.201686147,428.2388188,0.325477594,,,,,,,,,,,,,,,,,,,,,
11/21/2017,8T,0,12,12,7.25,29.8,4.920872923,16.87742113,0.016512996,23.394514,2.27828995,372.9887231,0.192942615,0.000316628,1.669778563,0.001710635,2.903914314,15314.17529,36.60740783,0.002903914,15.31417529,0.036607408,6.96939E-05,0.367540207,0.000878578,0.069693944,367.5402071,0.878577788,5273.631945,,,,,
11/21/2017,,12,12,,,,,,,,2.381165347,410.7725809,0.213524871,,,,,,,,,,,,,,,,,,,,,
11/21/2017,,24,12,,,,,,,,,419.3713957,0.233997865,,,,,,,,,,,,,,,,,,,,,
11/21/2017,,36,12,,,,,,,,2.309503724,436.913594,,,,,,,,,,,,,,,,,,,,,,
11/21/2017,9T,0,13,13,7.25,29.8,4.920872923,16.87742113,0.016512996,23.47655684,3.029501445,449.4106352,,-0.030866954,-0.202161574,0.000457535,-282.1032811,-1847.621335,9.756985587,-0.282103281,-1.847621335,0.009756986,-0.006770479,-0.044342912,0.000234168,-6.770478747,-44.34291203,0.234167654,6.549450001,,,,,
11/21/2017,,12,13,,,,,,,,2.458029266,,0.343833634,,,,,,,,,,,,,,,,,,,,,
11/21/2017,,24,13,,,,,,,,2.288694542,444.9808052,0.349528923,,,,,,,,,,,,,,,,,,,,,
11/21/2017,,36,13,,,,,,,,,442.0273066,0.354814479,,,,,,,,,,,,,,,,,,,,,
11/21/2017,10T,0,10,9.5,7.25,29.8,4.920872923,16.87742113,0.016512996,23.18940692,2.126252859,402.0411938,,0.15679425,0.454635833,-0.000809223,1450.73888,4206.518293,-17.47044584,1.45073888,4.206518293,-0.017470446,0.034817733,0.100956439,-0.000419291,34.81773311,100.956439,-0.4192907,2.899569558,,,,,
11/21/2017,,12,10,,,,,,,,,405.1334755,0.207433507,,,,,,,,,,,,,,,,,,,,,
11/21/2017,,24,9,,,,,,,,5.875157176,413.791052,0.198405722,,,,,,,,,,,,,,,,,,,,,
11/21/2017,,36,9,,,,,,,,7.774385267,417.3407683,0.188012161,,,,,,,,,,,,,,,,,,,,,
11/21/2017,11T,0,8,8,7.25,29.8,4.920872923,16.87742113,0.016512996,23.06634267,,473.298753,0.212295672,0.008838484,-5.75499899,-5.78829E-05,82.21437858,-53532.2223,-1.256311146,0.082214379,-53.5322223,-0.001256311,0.001973145,-1.284773335,-3.01515E-05,1.973145086,-1284.773335,-0.030151468,651.1296834,,,,,
11/21/2017,,12,8,,,,,,,,2.274388229,,,,,,,,,,,,,,,,,,,,,,,
11/21/2017,,24,8,,,,,,,,2.357234787,326.1807438,0.223713566,,,,,,,,,,,,,,,,,,,,,
11/21/2017,,36,8,,,,,,,,2.486511834,268.3682977,0.207010116,,,,,,,,,,,,,,,,,,,,,
11/21/2017,12T,0,9,9,7.25,29.8,4.920872923,16.87742113,0.016512996,23.1483855,2.223275674,399.9490576,0.185594736,0.003331172,-1.388691182,0.000593463,30.87629328,-12871.63548,12.83506709,0.030876293,-12.87163548,0.012835067,0.000741031,-0.308919251,0.000308042,0.741031039,-308.9192514,0.30804161,416.8776142,,,,,
11/21/2017,,12,9,,,,,,,,2.258651284,,,,,,,,,,,,,,,,,,,,,,,
11/21/2017,,24,9,,,,,,,,,360.3432246,0.202038689,,,,,,,,,,,,,,,,,,,,,
11/21/2017,,36,9,,,,,,,,2.342278187,351.5254862,0.206409174,,,,,,,,,,,,,,,,,,,,,
11/21/2017,13T,0,11,11,7.25,29.8,4.920872923,16.87742113,0.016512996,23.31247117,2.795138025,421.2491467,1.094969888,-0.013106379,-1.092190477,-0.022364709,-120.6266216,-10052.14707,-480.2866071,-0.120626622,-10.05214707,-0.480286607,-0.002895039,-0.24125153,-0.011526879,-2.895038917,-241.2515296,-11.52687857,83.33274146,,,,,
11/21/2017,,12,11,,,,,,,,2.33863658,387.6695068,0.285678858,,,,,,,,,,,,,,,,,,,,,
11/21/2017,,24,11,,,,,,,,,,0.229736642,,,,,,,,,,,,,,,,,,,,,
11/21/2017,,36,11,,,,,,,,2.263463408,377.8356187,0.219028952,,,,,,,,,,,,,,,,,,,,,
11/21/2017,14T,0,10,9.25,7.25,29.8,4.920872923,16.87742113,0.016512996,23.16889621,2.273477827,390.8621136,0.19762723,0.021145164,-1.471008647,0.000467209,195.8188429,-13622.55726,10.09559286,0.195818843,-13.62255726,0.010095593,0.004699652,-0.326941374,0.000242294,4.699652229,-326.9413743,0.242294229,69.56714206,,,,,
11/21/2017,,12,9,,,,,,,,2.595760043,371.5789168,0.201246538,,,,,,,,,,,,,,,,,,,,,
11/21/2017,,24,9,,,,,,,,2.736742256,,0.208840257,,,,,,,,,,,,,,,,,,,,,
11/21/2017,,36,9,,,,,,,,3.072290327,337.5795837,,,,,,,,,,,,,,,,,,,,,,
11/21/2017,15T,0,10,10,7.25,29.8,4.920872923,16.87742113,0.016512996,23.23042834,2.350992032,,,-0.003397749,-2.762025058,9.16208E-05,-31.38216352,-25510.51095,1.974524677,-0.031382164,-25.51051095,0.001974525,-0.000753172,-0.612252263,4.73886E-05,-0.753171925,-612.2522629,0.047388592,812.8984139,,,,,
11/21/2017,,12,10,,,,,,,,2.386627758,407.5073579,0.170557534,,,,,,,,,,,,,,,,,,,,,
11/21/2017,,24,10,,,,,,,,,380.5432015,0.172455964,,,,,,,,,,,,,,,,,,,,,
11/21/2017,,36,10,,,,,,,,2.243954799,341.2187565,0.172756434,,,,,,,,,,,,,,,,,,,,,
12/14/2017,1W,0,6,6,7.25,29.8,4.920872923,16.87742113,0.016512996,22.902257,2.743381091,,1.342634969,0.068197311,4.093105296,-0.041910408,638.9071159,38346.29365,-916.1554076,0.638907116,38.34629365,-0.916155408,0.015333771,0.920311048,-0.02198773,15.33377078,920.3110476,-21.98772978,60.01857344,,,,,
12/14/2017,,12,6,,,,,,,,3.087211189,405.5877104,0.387535528,,,,,,,,,,,,,,,,,,,,,
12/14/2017,,24,6,,,,,,,,4.116487423,438.1576311,0.33678518,,,,,,,,,,,,,,,,,,,,,
12/14/2017,,36,6,,,,,,,,5.128181438,503.8222375,,,,,,,,,,,,,,,,,,,,,,
12/14/2017,2W,0,7,7,7.25,29.8,4.920872923,16.87742113,0.016512996,22.98429984,2.953716548,406.756726,0.269743612,-0.01867297,2.239453167,-0.000244251,-174.3134408,20905.44741,-5.320233739,-0.174313441,20.90544741,-0.005320234,-0.004183523,0.501730738,-0.000127686,-4.18352258,501.730738,-0.12768561,119.9302091,,,,,
12/14/2017,,12,7,,,,,,,,2.513379594,,,,,,,,,,,,,,,,,,,,,,,
12/14/2017,,24,7,,,,,,,,2.505565274,462.7883929,0.266402847,,,,,,,,,,,,,,,,,,,,,
12/14/2017,,36,7,,,,,,,,,486.8058423,0.260320259,,,,,,,,,,,,,,,,,,,,,
12/14/2017,3W,0,5,5,7.25,29.8,4.920872923,16.87742113,0.016512996,22.82021417,,370.4970925,,0.014906901,2.334810839,-0.00064719,140.1575267,21952.3362,-14.19834275,0.140157527,21.9523362,-0.014198343,0.003363781,0.526856069,-0.00034076,3.363780641,526.8560689,-0.340760226,156.6261671,,,,,
12/14/2017,,12,5,,,,,,,,2.3086444,411.4640821,0.25506288,,,,,,,,,,,,,,,,,,,,,
12/14/2017,,24,5,,,,,,,,2.46571224,433.0665696,0.247063677,,,,,,,,,,,,,,,,,,,,,
12/14/2017,,36,5,,,,,,,,2.666410035,456.6886969,0.239530319,,,,,,,,,,,,,,,,,,,,,
12/14/2017,4W,0,3,3,7.25,29.8,4.920872923,16.87742113,0.016512996,22.6561285,2.052464929,375.0684862,0.239716656,0.017906732,3.049773929,3.64436E-06,169.5818628,28882.22912,0.080530702,0.169581863,28.88222912,8.05307E-05,0.004069965,0.693173499,1.93274E-06,4.069964707,693.1734988,0.001932737,170.3143758,,,,,
12/14/2017,,12,3,,,,,,,,2.514942458,396.6458439,0.228057253,,,,,,,,,,,,,,,,,,,,,
12/14/2017,,24,3,,,,,,,,2.646874234,448.2630605,,,,,,,,,,,,,,,,,,,,,,
12/14/2017,,36,3,,,,,,,,2.724756961,,0.237507226,,,,,,,,,,,,,,,,,,,,,
12/14/2017,5W,0,5,5,7.25,29.8,4.920872923,16.87742113,0.016512996,22.82021417,1.893183032,361.6294304,0.235776949,14.63650938,3.869491458,0.000495236,137615.2489,36381.69568,10.86471294,137.6152489,36.38169568,0.010864713,3.302765974,0.873160696,0.000260753,3302.765974,873.1606962,0.260753111,0.26437256,,,,,
12/14/2017,,12,5,,,,,,,,,438.0971771,0.244015728,,,,,,,,,,,,,,,,,,,,,
12/14/2017,,24,5,,,,,,,,265.2537668,481.1485277,0.247662619,,,,,,,,,,,,,,,,,,,,,
12/14/2017,,36,5,,,,,,,,550.7864311,502.0586385,,,,,,,,,,,,,,,,,,,,,,
12/14/2017,6T,0,5,5,7.25,29.8,4.920872923,16.87742113,0.016512996,22.82021417,9.884237308,384.1448927,0.246531284,-0.193918873,-0.568822318,0.001810025,-1823.262174,-5348.175776,39.709127,-1.823262174,-5.348175776,0.039709127,-0.043758292,-0.128356219,0.000953019,-43.75829218,-128.3562186,0.953019048,2.933300461,,,,,
12/14/2017,,12,5,,,,,,,,2.355790799,380.4499643,0.289881371,,,,,,,,,,,,,,,,,,,,,
12/14/2017,,24,5,,,,,,,,2.222947353,373.6972459,0.29813346,,,,,,,,,,,,,,,,,,,,,
12/14/2017,,36,5,,,,,,,,2.171763554,363.6429061,0.316181577,,,,,,,,,,,,,,,,,,,,,
12/14/2017,7T,0,5,5,7.25,29.8,4.920872923,16.87742113,0.016512996,22.82021417,2.055720896,373.6281386,0.261531453,0.001906291,1.010107035,0.001286616,17.92331156,9497.218732,28.22635386,0.017923312,9.497218732,0.028226354,0.000430159,0.22793325,0.000677432,0.430159477,227.9332496,0.677432493,529.8808035,,,,,
12/14/2017,,12,5,,,,,,,,2.105993024,402.3071887,0.303523938,,,,,,,,,,,,,,,,,,,,,
12/14/2017,,24,5,,,,,,,,,,,,,,,,,,,,,,,,,,,,,,,
12/14/2017,,36,5,,,,,,,,2.129826701,413.303545,0.313160248,,,,,,,,,,,,,,,,,,,,,
12/14/2017,8T,0,7,7,7.25,29.8,4.920872923,16.87742113,0.016512996,22.98429984,2.045952996,371.1149093,0.234605685,0.001369057,3.720445673,0.000728,12.78023563,34730.61304,15.85716118,0.012780236,34.73061304,0.015857161,0.000306726,0.833534713,0.000380572,0.306725655,833.534713,0.380571868,2717.525251,,,,,
12/14/2017,,12,7,,,,,,,,,,,,,,,,,,,,,,,,,,,,,,,
12/14/2017,,24,7,,,,,,,,2.105602308,472.5242228,0.255701751,,,,,,,,,,,,,,,,,,,,,
12/14/2017,,36,7,,,,,,,,2.088541042,502.0212992,0.259907654,,,,,,,,,,,,,,,,,,,,,
12/14/2017,9T,0,3,3,7.25,29.8,4.920872923,16.87742113,0.016512996,22.6561285,2.662633114,407.7467501,1.053346011,0.082745746,2.021691409,-0.020139201,783.6258161,19145.99437,-445.0226167,0.783625816,19.14599437,-0.445022617,0.01880702,0.459503865,-0.010680543,18.80701959,459.5038649,-10.6805428,24.43257225,,,,,
12/14/2017,,12,3,,,,,,,,,426.9498042,0.317259673,,,,,,,,,,,,,,,,,,,,,
12/14/2017,,24,3,,,,,,,,4.954964002,467.3535041,0.290373835,,,,,,,,,,,,,,,,,,,,,
12/14/2017,,36,3,,,,,,,,5.564871709,475.1465065,0.256739917,,,,,,,,,,,,,,,,,,,,,
12/14/2017,10T,0,4,4,7.25,29.8,4.920872923,16.87742113,0.016512996,22.73817133,2.182443125,392.9524565,,0.012556093,3.153797386,0.001017092,118.4807417,29759.59487,22.39393023,0.118480742,29.75959487,0.02239393,0.002843538,0.714230277,0.000537454,2.843537801,714.230277,0.537454325,251.1766422,,,,,
12/14/2017,,12,4,,,,,,,,2.489806394,428.5721066,0.236149624,,,,,,,,,,,,,,,,,,,,,
12/14/2017,,24,4,,,,,,,,2.571205565,442.3500609,0.241792988,,,,,,,,,,,,,,,,,,,,,
12/14/2017,,36,4,,,,,,,,2.657553805,514.5117005,0.260559836,,,,,,,,,,,,,,,,,,,,,
12/14/2017,11T,0,4,4,7.25,29.8,4.920872923,16.87742113,0.016512996,22.73817133,1.910114059,379.9947808,0.251881832,0.006387122,-0.900756308,0.001221065,60.26961428,-8499.640123,26.88492632,0.060269614,-8.499640123,0.026884926,0.001446471,-0.203991363,0.000645238,1.446470743,-203.9913629,0.645238232,141.026954,,,,,
12/14/2017,,12,4,,,,,,,,1.929259144,375.4025245,0.270142907,,,,,,,,,,,,,,,,,,,,,
12/14/2017,,24,4,,,,,,,,2.063404978,,0.292450167,,,,,,,,,,,,,,,,,,,,,
12/14/2017,,36,4,,,,,,,,,348.8109176,0.293288685,,,,,,,,,,,,,,,,,,,,,
12/14/2017,12T,0,5,5,7.25,29.8,4.920872923,16.87742113,0.016512996,22.82021417,2.014825953,,0.235484133,0.003505591,1.000326995,0.000967069,32.96023385,9405.264929,21.21599843,0.032960234,9.405264929,0.021215998,0.000791046,0.225726358,0.000509184,0.791045612,225.7263583,0.509183962,285.3518871,,,,,
12/14/2017,,12,5,,,,,,,,2.092708679,369.9528875,0.243483335,,,,,,,,,,,,,,,,,,,,,
12/14/2017,,24,5,,,,,,,,2.051943975,387.2842365,0.25579492,,,,,,,,,,,,,,,,,,,,,
12/14/2017,,36,5,,,,,,,,2.168637826,393.9607353,0.270063048,,,,,,,,,,,,,,,,,,,,,
12/14/2017,13T,0,6,6,7.25,29.8,4.920872923,16.87742113,0.016512996,22.902257,2.562740051,420.2471085,1.014321616,-0.024343779,-0.705924617,-0.019089943,-228.0649086,-6613.461099,-417.3033814,-0.228064909,-6.613461099,-0.417303381,-0.005473558,-0.158723066,-0.010015281,-5.473557807,-158.7230664,-10.01528115,28.99815293,,,,,
12/14/2017,,12,6,,,,,,,,2.012872373,413.0572243,0.322556982,,,,,,,,,,,,,,,,,,,,,
12/14/2017,,24,6,,,,,,,,1.978489363,403.3049177,0.268532418,,,,,,,,,,,,,,,,,,,,,
12/14/2017,,36,6,,,,,,,,,,0.268732066,,,,,,,,,,,,,,,,,,,,,
12/14/2017,14T,0,5,5,7.25,29.8,4.920872923,16.87742113,0.016512996,22.82021417,2.164209711,375.6079498,0.244734459,0.008004252,4.642753204,0.002219967,75.25749985,43652.0499,48.7026272,0.0752575,43.6520499,0.048702627,0.00180618,1.047649197,0.001168863,1.806179996,1047.649197,1.168863053,580.0358766,,,,,
12/14/2017,,12,5,,,,,,,,2.213830645,394.45148,0.245905723,,,,,,,,,,,,,,,,,,,,,
12/14/2017,,24,5,,,,,,,,2.356311754,487.0340267,0.298013672,,,,,,,,,,,,,,,,,,,,,
12/14/2017,,36,5,,,,,,,,,,,,,,,,,,,,,,,,,,,,,,,
12/14/2017,15T,0,4,4,7.25,29.8,4.920872923,16.87742113,0.016512996,22.73817133,2.265795876,,0.268865164,-0.008416674,-2.035395317,-0.000912594,-79.42070629,-19206.22431,-20.09313567,-0.079420706,-19.20622431,-0.020093136,-0.001906097,-0.460949384,-0.000482235,-1.906096951,-460.9493835,-0.482235256,241.8289286,,,,,
12/14/2017,,12,4,,,,,,,,2.157697777,427.7127107,,,,,,,,,,,,,,,,,,,,,,
12/14/2017,,24,4,,,,,,,,2.063795694,409.360992,0.245080514,,,,,,,,,,,,,,,,,,,,,
12/14/2017,,36,4,,,,,,,,,378.8632231,0.23648237,,,,,,,,,,,,,,,,,,,,,
